이름,우편번호,주소,주소상세,전화번호,이메일
이영철,74878,전라북도 안산시 상록구 오금91길 680,지민김이마을,053-008-7562,geonugwag@example.com
나명숙,42611,충청북도 청주시 흥덕구 선릉01길 184-98 (성수이동),수민김연립,02-1335-6186,jieungang@example.net
김도윤,96489,부산광역시 용산구 백제고분4가 544 (정식박동),영미배빌라 나동 360호,016-666-8959,gi@example.org
김영희,81647,전라북도 부천시 오정구 테헤란로 989,수빈이이아파트 Z동 450호,016-002-9158,yeongsu34@example.org
고혜진,62104,경상남도 부여군 삼성길 637 (은영배면),정식이타워 717호,061-787-8062,sangceol65@example.net
양지우,04897,광주광역시 광진구 언주9가 30-4,영숙한장마을,054-155-6651,gweonjiyeon@example.org
손현주,98680,전라남도 용인시 처인구 오금길 441-19,영진최마을,016-655-0437,yejicoe@example.net
장성진,08905,서울특별시 노원구 가락길 지하353 (서준김박면),경수오김빌라 762호,032-615-1948,gimjaeho@example.org
김영길,73561,강원도 부천시 원미구 선릉449거리 676-71 (주원김박동),영철박타운,011-942-6315,seongsu07@example.net
김예원,48035,충청남도 동해시 선릉로 562 (영희이김리),건우박타워 729호,018-957-7775,hasugja@example.net
구재현,82488,경기도 천안시 서북구 잠실로 233,지훈권마을 083호,019-932-5460,jeongnam42@example.net
김영미,91142,부산광역시 도봉구 석촌호수로 728,은정송타운 E동 830호,010-9015-1353,uyang@example.org
이민준,76677,서울특별시 송파구 봉은사18가 549 (진호백백읍),정호이조아파트 919호,053-313-1478,jongsu96@example.org
고준호,84683,충청남도 수원시 영통구 잠실75거리 지하557 (현지박박면),민서허타운,054-853-0931,ijia@example.net
이시우,85481,강원도 수원시 팔달구 선릉793로 501-92,경수민타워,041-478-4217,cgim@example.org
박영진,15512,제주특별자치도 구리시 언주길 903-69,춘자노이빌라,043-740-5913,agim@example.org
김민준,38959,전라북도 부천시 선릉65거리 703,순옥안이빌라 M동 362호,011-488-6736,gbag@example.net
박상현,70451,충청북도 평창군 봉은사길 482 (종수안리),성수최아파트,070-6122-2133,seunghyeon65@example.net
안미정,07990,강원도 화천군 도산대로 122,서영이박빌라,017-157-6219,jihuni@example.net
이수진,28636,충청북도 용인시 기흥구 테헤란길 217-98,영미김장타워,051-016-1824,ahong@example.com
최영철,18069,충청북도 아산시 서초대612길 403-9,도윤박타워 875동 236호,018-969-6161,myeongsugan@example.net
최승민,46364,울산광역시 중랑구 역삼거리 390 (상호이면),선영김아파트 145호,055-502-0587,ijunho@example.org
강상훈,74606,세종특별자치시 은평구 선릉로 21 (현숙김이마을),명숙배엄마을 다동 679호,062-401-0782,hyeonju09@example.net
최정순,48799,전라남도 부천시 오정구 양재천22거리 647,정호이김아파트 P동 662호,019-216-3471,dyu@example.org
장정호,01742,충청북도 계룡시 학동거리 504,도윤장최아파트 077호,011-229-3995,isunog@example.net
김지원,33847,경상북도 의왕시 역삼가 287 (준혁이이마을),현지이한연립 U동 853호,016-138-7447,yejun75@example.com
배윤서,95773,광주광역시 영등포구 석촌호수39가 660 (성민한서마을),준호김빌라 575호,044-275-4939,seongmin80@example.org
강예은,03112,대전광역시 서구 백제고분4길 지하581 (수빈김송마을),성호이김빌라 424호,042-434-8701,yejin21@example.org
박주원,53112,광주광역시 서초구 백제고분가 446-22 (미영박김리),서영김마을 라동 704호,063-517-3642,hgim@example.com
안지훈,41117,충청남도 안양시 만안구 봉은사56거리 지하602 (건우이면),종수최타워,070-6992-9653,ujin88@example.com
안춘자,56668,충청남도 의왕시 강남대가 931-43 (지현김나리),옥자조타운 161호,041-229-7496,songyejin@example.net
이지은,41277,세종특별자치시 동구 양재천8가 251,영길이아파트 432호,054-397-9799,wgo@example.com
윤상호,75598,충청북도 충주시 영동대29가 562-8 (우진민김면),병철박이타워 P동 248호,062-421-3083,seonyeongbag@example.com
이미영,47334,경기도 영월군 논현길 817 (영호이박마을),은서김연립,042-814-4853,hbag@example.net
김동현,99377,전라남도 화천군 역삼가 552-64,영미고최타운 792호,017-917-3747,caeweongim@example.org
고동현,96286,대전광역시 서구 압구정4길 960 (승민김동),진호박타워 X동 660호,032-966-9693,geonugo@example.com
권유진,16470,경상남도 용인시 수지구 도산대6가 572,서현박타워 845호,062-427-6440,yeweon09@example.com
김지후,73720,대구광역시 강서구 반포대로 583,영미류김타운,043-262-3077,gimseonghyeon@example.net
황정훈,42977,전라북도 수원시 장안구 논현01로 124 (미숙김김리),은경김김타운,062-305-9013,junseo47@example.org
류현숙,17176,대구광역시 광진구 봉은사거리 556 (현우이이마을),예지한최아파트 102호,052-835-6905,ran@example.net
곽지현,55020,전라남도 안성시 언주106가 520-87,경희김아파트 159호,017-351-4145,seoyeongi@example.net
김성호,10275,강원도 당진시 개포740길 473 (수진서리),지우손박타워,061-068-6343,yeongja71@example.org
김정식,97528,경기도 오산시 학동거리 780-28,미정김박연립 D동 088호,051-295-4649,agim@example.com
박순자,51765,경상북도 의정부시 영동대길 759 (미숙박리),명숙박김타워 L동 521호,051-478-8568,godoyun@example.net
장현주,59077,부산광역시 강북구 논현가 827,영길성빌라,052-857-3633,yeongja80@example.net
우성민,19778,광주광역시 성동구 영동대길 94,현정조아파트,016-489-3551,seongmini@example.org
심지훈,58589,광주광역시 양천구 논현006가 101-36,영철박김타운 Q동 474호,042-276-1241,zo@example.com
양현우,14698,울산광역시 중구 강남대로 648-62 (도윤최마을),지현김연립 585호,033-914-0587,bageunjeong@example.org
이은경,32973,전라북도 괴산군 테헤란719로 854-69 (예은이읍),성진고오타운 843호,018-740-0342,hi@example.net
박중수,00615,대전광역시 북구 잠실거리 113,보람장타운,041-458-3849,seonyeong53@example.com
김주원,48962,전라남도 안성시 백제고분867거리 221,영희김연립 B동 219호,033-364-6137,hi@example.com
김경자,22138,광주광역시 관악구 잠실가 743,민석이마을,051-570-4000,donghyeon77@example.com
차진우,90587,광주광역시 송파구 반포대로 605-79 (서영안동),영호이타워 Q동 300호,042-193-5657,iseunghyeon@example.com
임도윤,41085,부산광역시 성북구 서초중앙거리 862 (지아윤마을),정훈구마을,031-240-5698,minseo97@example.com
박영철,36514,전라남도 과천시 서초중앙길 지하881 (지훈이김마을),지영박타워 513호,032-324-7692,seongjin15@example.com
손지은,74292,인천광역시 북구 잠실61길 583 (윤서이읍),중수김김타운,042-175-8937,gweonjeongsug@example.net
이영미,62259,제주특별자치도 인제군 언주73가 93-5 (숙자이동),준영장한타워 Y동 968호,061-120-2534,ojeongnam@example.org
최현주,30272,경상북도 화천군 반포대거리 909 (명숙장리),은서김마을 바동 702호,053-390-5282,hgim@example.net
이영일,06759,대전광역시 남구 개포거리 지하511 (정숙백리),옥자배심타운 303호,061-407-4226,heojunhyeog@example.org
이미정,18005,경상남도 청주시 청원구 선릉987로 86 (옥순황윤리),옥자차타워 Z동 158호,041-699-1918,seonghun37@example.net
윤성수,06471,인천광역시 강북구 개포36로 92 (정훈박면),승민김이빌라,032-252-3359,acoe@example.org
허영숙,26185,충청북도 제천시 삼성1가 783-32,성호안김연립 751호,052-679-5983,kjang@example.com
허준영,85884,경상남도 고양시 일산서구 영동대가 919-92,상현이황타운 779호,044-444-6637,sanghyeoni@example.org
고정식,43418,서울특별시 관악구 석촌호수거리 753-13,명숙박타워 757호,051-514-6630,sanghun22@example.net
김진우,37899,경기도 여주시 백제고분14거리 997-30 (도현박읍),윤서김최타운 480호,042-704-4404,yeonghwani@example.net
김진우,73811,광주광역시 서초구 논현거리 533-50 (정웅최면),민재한김연립 163호,010-7907-0036,gimjeongsu@example.net
홍채원,70650,충청남도 강릉시 삼성25가 216-21,서연박빌라 629호,033-453-8560,sgim@example.net
이성민,25398,경기도 오산시 압구정13로 933-71,순자김강연립,042-228-0603,muneunju@example.org
류은영,88480,대전광역시 관악구 언주35거리 385 (춘자박동),영식이타워 086호,032-133-1948,wi@example.com
이성진,19649,경기도 천안시 서북구 언주거리 104,시우김박빌라 Q동 417호,044-603-2774,jeonghogim@example.com
한지아,51491,충청남도 여주시 백제고분가 314-19 (현지김마을),은서김나연립,041-830-5030,jieunjang@example.com
정정희,94906,충청남도 김포시 봉은사가 지하646 (지우김면),예준김배마을 982호,032-802-6643,miyeong35@example.net
김성수,14053,서울특별시 노원구 양재천81로 33-19,영순이마을 N동 894호,054-809-6919,gwangsugim@example.com
지정숙,03817,인천광역시 양천구 삼성로 185,시우최박연립 480호,042-710-5566,hayungim@example.com
백예진,98348,서울특별시 성동구 봉은사길 999-38 (지연강박읍),현숙박이타운 Z동 096호,018-621-8683,ujin08@example.com
김영미,22866,제주특별자치도 양양군 잠실144로 605,정식강타워 693호,063-710-3403,ibag@example.com
안경자,59635,전라남도 속초시 삼성가 123-68,중수이이아파트 947호,053-977-7988,ucoe@example.com
손성수,54259,대전광역시 동작구 가락96길 85 (현정박동),지원김타운,031-270-1848,bgim@example.com
최정수,34604,제주특별자치도 동두천시 잠실길 235-32 (성현남마을),은영박타워 853호,062-961-0689,oson@example.com
박정숙,05675,충청남도 고양시 일산서구 역삼로 201-11 (현정양이읍),경숙김마을 655호,019-575-3085,egim@example.net
송춘자,78582,부산광역시 중랑구 석촌호수로 778 (민수김김마을),현주김마을 684호,052-898-7268,bagjunseo@example.org
김미숙,75511,부산광역시 강북구 언주가 361-81 (경희허김동),현우김이타워 S동 107호,041-123-2505,hgim@example.org
최유진,15177,대구광역시 양천구 오금거리 291,정희박이아파트,044-795-4080,seonyeonggim@example.net
이하은,94062,세종특별자치시 강북구 논현거리 606,혜진황오빌라,041-591-7121,hsin@example.com
박정훈,76670,전라북도 춘천시 서초중앙044로 130-65 (순자박이동),순자최타워,053-567-5675,gangseoyeon@example.com
유성현,01111,대전광역시 동구 잠실거리 지하42 (현정박이리),성호황안연립,052-064-9744,ominseo@example.net
김준호,74890,광주광역시 구로구 언주9가 238-59,성수안빌라 541호,063-036-8592,seongho90@example.org
김민수,86401,광주광역시 종로구 학동로 363 (경희권김면),병철최김타워,055-823-6647,byeongceol71@example.org
최선영,89887,전라북도 안산시 학동길 405-78,상철황아파트,044-707-3505,seonyeongsong@example.org
김현주,38605,경상북도 천안시 서북구 논현가 138-44,정자이빌라 다동 724호,017-050-3345,phan@example.com
박영진,54944,대구광역시 마포구 오금가 472 (예준김면),영수오한타운 618동 825호,02-0289-5943,sanghoseo@example.net
황옥자,64427,대전광역시 동대문구 서초대로 222,은경김문타워,02-9196-5013,ujini@example.net
이숙자,42873,강원도 남양주시 역삼26길 778-39,영일주김아파트 B동 356호,043-075-5404,juweon75@example.net
김상철,60143,충청북도 평택시 논현221길 지하572,준영이김연립,061-428-1148,ogsun23@example.com
나준영,18948,광주광역시 영등포구 학동거리 189,중수김안연립,033-053-8026,seungmin93@example.org
박정식,76190,부산광역시 노원구 언주840가 652-99 (은주김동),명자홍장마을 883호,02-3476-0904,migyeongbag@example.com
윤준서,06425,경기도 성남시 수정구 테헤란43길 690-76,성훈정타운,051-910-0910,munyeonghyi@example.org
윤현정,84252,울산광역시 서초구 가락29거리 250 (숙자윤김리),민수김윤마을,044-287-7438,juyeongmi@example.com
이영순,21216,대구광역시 강남구 가락거리 271 (서영고마을),정훈한아파트,041-918-4274,seongjinjang@example.com
김건우,13958,세종특별자치시 성동구 서초대0길 665 (정자남장면),재현김송연립 Y동 357호,019-011-4448,jaeho86@example.net
안명숙,26289,대구광역시 서초구 테헤란0길 761-34 (예준김리),정순이빌라,055-603-9051,donghyeon02@example.net
주현숙,25099,충청북도 용인시 기흥구 개포로 913 (상훈최마을),수진손빌라 R동 939호,033-005-6836,anseunghyeon@example.com
최상현,38724,인천광역시 강북구 잠실6로 340,경희조백마을,061-685-4512,jeonghyi16@example.com
하서준,94547,제주특별자치도 안양시 만안구 양재천로 449,수민이타워 U동 530호,044-478-8774,jieungim@example.org
우중수,95607,제주특별자치도 금산군 삼성거리 223-56,동현전박연립 T동 994호,019-538-1245,gimseongho@example.com
이우진,57633,대전광역시 중구 강남대가 348-9,서윤주마을,064-733-3768,hgim@example.com
장광수,55021,경기도 수원시 장안구 영동대가 62-56 (지현황읍),명자김연립 88동 061호,063-793-8329,qyang@example.com
김춘자,86992,부산광역시 성동구 봉은사거리 992-56 (영식장리),예원박빌라 S동 965호,02-5275-8247,seojiu@example.org
최정숙,52199,경상북도 의정부시 도산대거리 381 (우진황이동),상철박김마을 667동 149호,032-046-7322,iseunghyeon@example.com
김수진,18987,충청남도 당진시 선릉176가 722,은경김빌라 라동 658호,043-684-0566,minjae34@example.com
이영희,08972,강원도 부천시 원미구 잠실8로 792-84 (성수손읍),은서송김빌라,019-275-1150,iyeeun@example.org
강지훈,31237,부산광역시 동작구 학동가 457-70 (윤서최마을),숙자홍빌라,062-842-0911,minjun86@example.net
오숙자,68782,전라남도 당진시 언주로 786 (수민차읍),성진김최아파트 924호,063-255-2089,fan@example.com
조정훈,97192,전라남도 포천시 선릉84길 413,지아김아파트,043-690-4488,mgang@example.com
허상훈,71579,광주광역시 동작구 가락4길 706,주원권박연립 I동 787호,070-4089-0859,yeweongim@example.net
김영희,83208,경상남도 홍성군 영동대로 369-58 (숙자김권면),정훈손이타운 674호,016-621-2719,iyejun@example.net
이상현,08861,충청북도 안산시 단원구 석촌호수로 94-8,수민이타워 561호,032-650-5919,siugim@example.com
이정남,59379,전라북도 부여군 학동길 821,도현이손빌라 746호,043-056-6271,ogja73@example.net
이경희,58281,충청북도 태안군 서초대로 107 (현숙이김마을),정호송이타워 Q동 030호,063-073-0083,seoyun69@example.net
박종수,11217,강원도 수원시 테헤란로 914,수빈김서마을 496호,019-530-4464,xjang@example.com
홍정수,71713,경기도 과천시 압구정길 621,영미이타운 307호,017-721-1741,jangjuweon@example.net
김지영,43644,광주광역시 강서구 가락976거리 724-14,정자남오타운,033-512-9044,eunseogim@example.com
손우진,75887,대구광역시 강동구 테헤란거리 789-25,우진박서연립 D동 232호,011-760-7617,songjimin@example.org
안재현,77719,서울특별시 영등포구 백제고분가 499-73 (서현이최리),영순강빌라,018-059-7381,jeonggyeongja@example.org
손지원,08922,충청북도 공주시 가락가 146,선영김박연립 253호,064-714-7602,lcoe@example.org
류지영,98518,제주특별자치도 성남시 분당구 도산대거리 898-26,민지김연립 107호,043-306-8475,yueunseo@example.net
박경자,00351,광주광역시 금천구 강남대382가 937,진호김마을,032-063-7297,lgweon@example.org
김옥순,37324,인천광역시 금천구 강남대237가 512-22 (지혜서최면),진우한이빌라 O동 405호,061-791-5374,ugim@example.org
엄숙자,80960,서울특별시 성동구 잠실가 435,영철허타운 929호,018-452-5376,sson@example.org
김성훈,87580,전라남도 충주시 압구정가 562 (영희고읍),영순김임빌라 913호,011-604-5816,hongmyeongsug@example.com
김은서,11947,울산광역시 중랑구 역삼가 769 (서영장읍),미경류마을,010-6051-9691,yeonghwanju@example.org
최혜진,56562,인천광역시 마포구 압구정길 284 (은영류동),미영이빌라 마동 774호,062-164-9432,hayun96@example.net
류옥순,65335,세종특별자치시 영등포구 역삼거리 356-57,경숙박김마을 K동 598호,032-610-4693,seoyuno@example.org
안영일,28341,대전광역시 강서구 선릉130길 8 (서연서박동),지훈박빌라 D동 529호,043-877-9531,jeongsu39@example.net
이승민,69717,충청남도 여주시 도산대89거리 201-20 (진우이마을),승민조이마을 465호,044-860-2953,hyeonji07@example.com
박현우,81638,경상남도 시흥시 테헤란7길 734,선영김빌라 272호,044-213-2904,fbag@example.com
이정호,54757,대구광역시 강남구 선릉로 지하643 (영호김동),정희김아파트 N동 324호,042-895-2243,jiyeongim@example.com
이정자,34826,강원도 부천시 원미구 양재천03길 118-38 (미숙문읍),은경김마을 Z동 039호,041-460-7844,yunboram@example.org
박숙자,71920,인천광역시 성북구 봉은사73가 597,성호이권아파트,018-447-6312,seongmin56@example.com
박보람,16218,세종특별자치시 서초구 삼성길 292,정식손고아파트 133호,032-635-6532,hyeonjeongryu@example.com
김정남,12663,부산광역시 남구 삼성3거리 166 (정웅김황면),준혁고빌라 666호,055-243-5107,eungyeonggim@example.com
황현정,38940,경상남도 용인시 기흥구 선릉9길 517 (아름나남마을),정식이빌라,02-1508-2456,seohyeoncoe@example.net
이영환,10276,광주광역시 노원구 봉은사로 366 (영자장김면),영진류마을 849호,070-3370-0324,eunyeongcoe@example.com
김경숙,87970,경상북도 예산군 서초대로 497 (영숙류백면),성호박김연립 093호,064-724-2705,hongjeongsu@example.com
양우진,31026,인천광역시 송파구 반포대거리 297,진호김김빌라 312호,018-679-0760,areumjang@example.org
김옥자,65915,충청남도 청주시 상당구 선릉1로 134,순자박양아파트 S동 907호,042-186-3151,yunjiyeon@example.net
강도윤,05229,세종특별자치시 강남구 삼성가 832-44,정호윤마을 N동 689호,019-771-8968,gimseongsu@example.com
최현숙,61028,서울특별시 중랑구 언주가 616,순자곽오연립 마동 045호,062-386-5494,iyun@example.org
심지아,39904,인천광역시 노원구 백제고분21거리 11 (준호김동),미정남김연립,063-531-1543,seongmin59@example.net
양하윤,66097,대구광역시 중랑구 언주길 지하634 (준영구박읍),은정강백타운 M동 172호,052-532-4597,hwangjeonghyi@example.com
노광수,39195,전라북도 횡성군 잠실984거리 951,예은김구타운,052-470-7278,ujeon@example.net
김시우,74728,울산광역시 성동구 학동거리 859-24 (지원조박읍),민지양김아파트 171호,019-231-1410,hyejini@example.org
이현정,62206,전라남도 동해시 봉은사3로 382-48 (광수송읍),지현안타워 655호,041-576-4085,gimsanghyeon@example.com
나동현,88566,대구광역시 영등포구 잠실086로 21,정훈이타워,054-509-1589,yeongsug38@example.net
우영수,70235,제주특별자치도 화천군 백제고분거리 686-34,영순류허연립 S동 305호,042-978-7452,icunja@example.net
이은정,31640,전라남도 부천시 소사구 학동거리 지하72 (하은김이읍),미영김타워,055-311-5426,ki@example.org
최정웅,65552,인천광역시 관악구 압구정길 313-69,재현서빌라 914호,052-858-6406,ijeongho@example.net
이예진,64022,경상북도 안양시 도산대거리 98 (서윤이리),채원노빌라,033-099-0278,bagjimin@example.org
장준호,68838,대전광역시 용산구 영동대길 471 (영미김면),서윤김이마을 H동 843호,016-441-7550,sson@example.org
오성진,62134,충청남도 당진시 양재천397가 607 (성훈강심마을),중수이아파트,052-447-5876,yeongsu84@example.org
이영식,03721,세종특별자치시 남구 가락거리 180-44 (성진김이면),예은김타워 784호,018-187-6075,geonu94@example.net
김상훈,73751,세종특별자치시 서구 양재천가 28 (영진고허동),성민심김빌라 가동 040호,062-490-9843,jimin83@example.net
서정남,22554,전라남도 공주시 서초대길 지하714 (성진강이동),재호문이마을,031-513-4278,gimgeonu@example.net
이재현,69489,세종특별자치시 서초구 논현30가 18,춘자박이연립 408호,051-248-8239,yeongceol30@example.org
박윤서,01603,강원도 광주시 테헤란길 258-25 (지원이읍),은영고양연립 A동 551호,011-273-8142,hyejin82@example.net
서상철,79373,충청북도 안양시 만안구 백제고분5가 지하442 (은영최류면),지우권김아파트,052-629-5502,iheo@example.com
곽채원,27427,대전광역시 노원구 도산대80거리 953-81 (아름김동),예지김김빌라 F동 264호,063-453-2244,heodonghyeon@example.net
이경수,09552,울산광역시 북구 학동3가 412,승현김김타운 D동 162호,055-621-1568,haeun70@example.org
이숙자,78976,강원도 평택시 개포길 139-31 (지영박김마을),지은김김타워,044-049-7237,iseonghyeon@example.org
진정웅,38601,부산광역시 광진구 반포대길 116-50 (순자지배동),은지손박마을 C동 954호,061-465-2065,coeeunju@example.net
남예원,04493,세종특별자치시 관악구 역삼34거리 911,숙자김김연립,061-788-3106,bagmiyeong@example.com
구옥순,60782,경상남도 춘천시 테헤란로 608-87 (성훈이이동),경희박박빌라 065호,011-104-5679,coeyeongsig@example.org
백지아,24847,강원도 인제군 개포길 769 (상현박면),경희김연립 073호,051-492-7683,hyejin99@example.net
김현숙,25318,세종특별자치시 서초구 가락851길 467-25,시우박마을,031-863-6751,di@example.com
최경숙,06598,세종특별자치시 도봉구 서초중앙길 826 (춘자강리),민준박빌라 나동 614호,010-3870-5221,hgang@example.org
이영길,77974,전라남도 천안시 서북구 반포대43가 882,숙자이빌라 992호,02-5411-8979,pgim@example.net
오정훈,87671,인천광역시 양천구 학동로 625-56 (지연김마을),상철김아파트 044호,033-622-1386,jangjihye@example.net
오지원,47122,대구광역시 양천구 논현가 865,현숙심이아파트 674호,016-272-7869,jcoe@example.net
김재현,65979,부산광역시 광진구 잠실82거리 944-69 (영일최동),민재김오연립 746호,052-354-5467,yeonghwan56@example.com
김성호,33115,경상남도 고성군 역삼로 599,경자유연립 445호,033-119-7519,ujini@example.net
이민지,28862,충청북도 증평군 삼성로 376 (건우이리),준서심마을 830호,062-428-9898,ogim@example.com
이영길,54461,충청북도 청주시 상당구 개포길 586-22,지민손마을,053-873-9955,hyejini@example.net
윤재호,25762,전라북도 성남시 분당구 봉은사2로 727,영수허이마을 K동 356호,054-907-1218,yeongmigim@example.net
최지후,39840,경상남도 하남시 양재천가 59-98,명자이빌라,031-336-9249,jiweongo@example.org
박윤서,64401,제주특별자치도 수원시 서초중앙가 994,상훈박빌라,019-829-2525,gweonyeongja@example.net
박진호,69152,강원도 청양군 언주길 847,지혜배연립 V동 689호,055-437-3356,nyun@example.com
박주원,46789,충청북도 고양시 일산동구 역삼288거리 994-8,종수김황아파트 나동 925호,019-843-2519,seonghyeonbag@example.com
이명자,28067,대구광역시 서구 서초중앙09가 688,서현박문마을 P동 700호,018-115-9835,ai@example.com
성영길,04606,대전광역시 송파구 테헤란거리 지하891 (도현김강읍),정남이이연립 R동 642호,053-864-9637,minseoyun@example.org
박진우,26865,대구광역시 동구 가락길 452-6,상현오최빌라,055-101-6126,anam@example.net
이영숙,61478,경상남도 동해시 서초대03길 515,영호지김타운,042-085-6639,gimhyeonju@example.net
장현정,17759,대구광역시 중구 석촌호수가 118,보람김윤타워,017-089-2353,yeongceol87@example.org
전광수,73869,대전광역시 강서구 압구정841거리 249,현주고송연립,041-685-4674,jiyeon60@example.net
손유진,89958,충청북도 영동군 봉은사8길 61 (준서장동),순옥이김빌라,054-607-2153,wson@example.com
장명자,57575,강원도 용인시 봉은사로 415 (준서김서마을),중수곽황연립 바동 830호,064-713-6389,vi@example.net
최민서,62870,충청북도 용인시 처인구 잠실8로 400-96,서연허아파트 627호,010-8711-3637,yeongil16@example.com
이서윤,65109,경상남도 오산시 삼성682가 197-59 (정웅김송동),영자김이연립 519호,041-381-9126,gimjeongsun@example.net
김준호,71221,세종특별자치시 금천구 개포거리 93 (승민박면),정숙이아파트 573호,032-094-7010,pgim@example.org
강성호,02726,울산광역시 북구 논현길 818-22,숙자최이마을 972호,053-415-2572,seongjin72@example.net
홍정호,48678,울산광역시 강남구 가락6가 623 (지현김면),예은최타운,018-104-6349,gojiu@example.com
문현준,32497,제주특별자치도 성남시 중원구 봉은사거리 157-9 (지영이최리),준영김연립,052-824-9552,gangyejun@example.org
윤정훈,24683,울산광역시 동작구 양재천520로 808-47,정웅전박빌라 Y동 591호,054-986-1990,seonyeongan@example.net
손현정,33953,광주광역시 마포구 삼성로 602-88 (민준백면),준영한타운 767호,016-750-1010,fgim@example.org
허민준,98454,경상남도 고양시 도산대5가 141-47 (승민이문리),지훈손하마을 V동 412호,042-420-5327,jungsubag@example.com
권건우,51066,경상남도 안산시 상록구 봉은사14가 825,경수장아파트,063-064-7795,siuson@example.org
최숙자,30217,경기도 춘천시 압구정가 957,민재류아파트 932호,070-5724-6311,jeonghuni@example.org
박선영,51271,전라남도 용인시 수지구 개포789길 870-32,미영박연립,043-650-5588,yeongsug79@example.com
강옥순,44052,충청북도 횡성군 석촌호수길 497 (예은이마을),현준서조타워 469호,019-744-6941,imun@example.com
김윤서,60431,대구광역시 용산구 선릉로 지하451,채원박아파트 237호,052-116-4808,yeongsugsong@example.org
한은경,57277,대구광역시 강서구 반포대거리 409-24 (경숙김서마을),중수김연립 148호,061-466-1857,gimjongsu@example.org
박영일,29873,전라남도 서천군 반포대20길 12 (은경최리),중수손손타워 453호,011-211-7629,dohyeongang@example.net
조서연,46115,부산광역시 마포구 도산대991거리 18 (미경이홍리),예준김박마을 O동 973호,010-9648-4183,si@example.org
이민석,73590,대구광역시 서대문구 백제고분길 705,정숙송타운 743호,010-7389-2538,hbag@example.org
오윤서,07005,전라북도 용인시 처인구 서초대2거리 23-79,지우김이마을 086호,061-662-3337,umiyeong@example.com
이상훈,47863,경상남도 안산시 단원구 잠실724길 784 (예진하김리),수진조이아파트 나동 305호,043-618-7429,geonu91@example.com
고준호,05991,울산광역시 강남구 선릉로 816 (지민이안리),미정김마을,063-364-9032,minjaegim@example.net
김영순,82551,세종특별자치시 종로구 영동대길 506-4,채원김이빌라 68동 140호,052-256-7318,zgim@example.com
양민서,08395,광주광역시 양천구 반포대로 지하448,옥순송빌라,042-950-7999,jeonghyi79@example.org
이은정,38490,전라남도 고성군 언주가 지하296 (영미김김동),순자이이타운,054-476-1849,juweongim@example.net
이현주,07726,충청북도 속초시 봉은사537가 493-75,영길김타운,032-742-0502,cseong@example.com
이민준,53545,충청남도 홍성군 도산대2길 780,영자장박연립,054-723-8503,rhan@example.org
이수진,73053,경기도 속초시 오금00길 205 (은서이최리),하은최이마을,033-333-4460,ggim@example.net
최은지,23023,경상북도 의정부시 학동06가 268-91 (현준최박마을),민지김타워,043-148-3352,seogyeongsug@example.net
정승민,42181,대구광역시 서구 역삼길 742,성수이오타운,018-519-2821,gimcaeweon@example.net
장현정,62790,울산광역시 구로구 논현거리 558-4,예진문김마을 469호,055-710-3711,junhogang@example.com
윤영희,46565,인천광역시 관악구 영동대가 804-73,성현권타워 F동 443호,061-546-8493,sunog25@example.net
박명자,05168,울산광역시 동대문구 압구정거리 880,지아민빌라 458호,052-600-6718,iseongjin@example.com
한경수,11086,서울특별시 강남구 양재천거리 747 (수진이양면),미영손빌라 M동 872호,017-537-1688,sanghunyun@example.com
이순옥,64422,대전광역시 도봉구 학동가 지하372 (영희김김마을),춘자최황아파트,010-1822-9279,gimjinho@example.com
최미경,63199,부산광역시 서초구 언주가 684,현준김마을 058호,011-255-8134,baghayun@example.com
박성수,68509,세종특별자치시 중구 강남대길 138-74 (승민이면),예은최빌라 038호,032-895-2777,ihayun@example.org
장상현,89633,경상남도 용인시 언주302가 842-17 (지우박면),예준이배타워,010-8892-4344,tan@example.org
김영숙,00397,서울특별시 은평구 석촌호수길 지하526 (민수박마을),현숙김이빌라 I동 922호,043-645-2566,idonghyeon@example.com
권현우,08682,대전광역시 양천구 강남대589로 92 (경숙배리),지영진아파트 277호,054-655-7973,gimmiyeong@example.org
김서준,03631,전라남도 수원시 팔달구 반포대가 652,경수김타워 504호,054-381-5297,seonghun00@example.com
김서현,82367,광주광역시 서대문구 서초대618로 872-61 (지아김동),민재김마을 F동 196호,017-943-6940,eunseobag@example.net
이상호,61131,전라북도 수원시 반포대793길 764,재호배손아파트 18동 108호,052-374-0260,ijiu@example.com
최준영,09875,울산광역시 마포구 서초중앙로 지하723 (경수나동),서현박송연립 477호,033-580-2189,minjaeim@example.com
오민석,37251,울산광역시 성북구 선릉983가 8 (채원정고동),경수장연립 820호,054-025-6766,seonghun54@example.net
백수민,69336,강원도 평택시 반포대가 323-61 (예준이리),춘자박장타운 275호,017-551-4594,gjang@example.org
이지연,30286,전라남도 김포시 학동가 267 (성훈박김면),종수김연립 06동 955호,064-713-9120,simsanghun@example.com
권하은,59478,대전광역시 도봉구 테헤란9길 331,하은서타운 D동 204호,011-310-6388,anyejin@example.org
이현우,03938,충청북도 고양시 덕양구 가락가 58,민준이조아파트 R동 324호,061-063-5761,seongjin53@example.net
김광수,07374,대구광역시 마포구 논현25길 659 (지민문읍),준영이이타운,070-1677-2006,fgim@example.net
김예진,47398,광주광역시 중랑구 영동대거리 108 (성수박마을),영환류장연립 L동 443호,044-256-6143,abag@example.net
김성민,29683,서울특별시 마포구 언주076로 132-67,하윤송타운 C동 814호,018-384-5476,gimogsun@example.com
박민석,82541,경기도 용인시 처인구 도산대04거리 599 (숙자허면),동현이김마을,042-669-4492,ihong@example.org
엄현지,27532,경상남도 청주시 청원구 압구정109로 251-38,영희이아파트,032-275-4883,bagyejin@example.net
김정남,48351,경상북도 속초시 오금9길 138-34,경희박이연립,041-464-3700,baghyeonjun@example.com
이예은,94835,광주광역시 은평구 개포로 210 (서윤박마을),수진서마을 385호,016-835-6924,jgim@example.org
이재호,79380,광주광역시 강남구 테헤란길 877-69 (상호양동),민지김아파트 056동 791호,053-635-9155,yeongsuggim@example.org
박민석,28474,인천광역시 금천구 삼성거리 784-5,도현박빌라 962호,041-814-7311,ijiu@example.org
권은경,19244,광주광역시 송파구 학동12가 지하615,성수강연립,02-2673-4849,jeongungi@example.org
윤숙자,03691,전라남도 수원시 영통구 오금로 521-2 (미정최마을),혜진김이마을,054-768-5715,gseo@example.org
최현정,19842,대전광역시 금천구 논현699가 608,성수하이마을 378호,051-927-0224,gwangsuhan@example.org
최성수,69395,광주광역시 광진구 논현3가 509-16,성진안김마을,02-5495-8255,rgim@example.net
송지영,90130,충청남도 천안시 서북구 학동거리 921 (경숙김읍),현숙문류타운 G동 131호,019-647-7712,jgang@example.org
이미경,99321,경상북도 파주시 백제고분74길 331,은경김이연립,032-979-3531,eunyeongjang@example.net
김은경,37320,서울특별시 동작구 선릉가 958-49 (현준손마을),광수김타운 V동 569호,053-466-9753,jongsu31@example.org
윤서준,61880,대전광역시 은평구 봉은사424가 236 (은지최최읍),경수김안연립 944호,055-032-3058,hyeonjun16@example.org
양지우,40689,전라남도 광주시 가락8가 지하564 (도현김동),민석이홍타운 H동 373호,041-270-3178,oyun@example.com
이영철,72404,경상남도 천안시 서북구 양재천길 597 (우진김면),하은황타워,017-960-7614,miyeonggim@example.net
신동현,09429,대구광역시 강북구 양재천길 149 (미숙김김리),지연최김타운 I동 468호,011-227-7876,igyeongsu@example.org
박민석,87789,충청북도 성남시 봉은사55거리 703-81 (보람송박리),은영김오아파트 S동 383호,033-042-1695,qbag@example.com
이지은,18463,부산광역시 관악구 강남대8길 606-7 (현주이읍),건우김연립,070-8131-8135,yeongmibag@example.org
차경희,31677,충청남도 부천시 가락가 15-47 (도현권면),성호조타운 576호,017-194-7779,zmun@example.net
김민재,10090,제주특별자치도 의왕시 서초중앙길 910-16 (경희이송읍),순자김양아파트 A동 747호,016-024-0982,caeweongim@example.com
주미숙,46290,전라북도 부천시 양재천6가 370,민준서아파트,016-294-5857,so@example.com
송재호,02899,인천광역시 강동구 잠실길 522 (지훈김리),민지이타워 456호,044-252-7735,jeongsiggim@example.org
이준영,11774,서울특별시 강북구 양재천로 283,정훈이조타운 J동 010호,042-359-3650,yeongjai@example.com
이현준,19103,광주광역시 영등포구 서초대6가 675 (하윤이김마을),영길전타운,055-593-5232,myeongsugcoe@example.org
이재호,50328,충청남도 부여군 개포7거리 498 (성민최리),미정박마을 M동 650호,051-345-9710,sgim@example.com
박진우,89166,경상남도 양양군 오금길 733-46 (지현김동),서영박타운 다동 937호,070-0644-1333,mijeongan@example.org
박민수,68060,전라북도 용인시 기흥구 반포대로 429,순자안김마을 P동 689호,043-569-8642,hgweon@example.com
이예진,12623,광주광역시 종로구 강남대가 822,정순박최연립,044-643-8401,seungminan@example.org
이민준,02715,경상남도 양주시 언주606길 4,현지최마을 다동 849호,052-808-9606,sunog66@example.com
김은지,10530,서울특별시 광진구 압구정29로 460,예지이강연립 297호,011-209-3026,nogyeongsu@example.org
나지후,92186,대전광역시 종로구 도산대길 769-82 (병철김읍),예은양빌라 912호,044-079-9691,seonghun82@example.org
윤광수,27261,강원도 고양시 일산서구 서초중앙6가 지하132 (정훈하서동),건우홍타워 537호,063-066-1026,songhyeonjun@example.com
강성훈,24870,세종특별자치시 성북구 봉은사로 648-68,영순박박아파트,018-830-9650,doyunhong@example.net
김도현,63052,부산광역시 강남구 오금거리 888,현정박조아파트,053-120-8165,jiu04@example.com
송은지,97267,전라남도 청주시 청원구 언주가 269 (영철성동),상현박연립 824호,055-193-2329,tgim@example.net
윤상철,30423,대전광역시 남구 서초대로 780,상호최김마을 K동 534호,043-029-0486,mgweon@example.net
노현정,32004,울산광역시 남구 반포대217가 834 (영호박리),지은이김타운,016-270-3379,pbag@example.com
박윤서,53475,경기도 성남시 역삼거리 408 (준혁홍김면),현숙문타운 409호,044-355-1717,minjae71@example.org
양경수,23903,대전광역시 강동구 양재천481가 56,상현김빌라 K동 065호,032-079-9931,gyeongja70@example.com
이성현,07141,대구광역시 영등포구 가락24길 235,승민최양아파트 869호,053-475-0218,minjaehyeon@example.org
이지후,53777,서울특별시 북구 도산대로 57,선영박손타운 106호,055-769-8896,hyeonsuggim@example.org
김지후,01486,충청북도 용인시 처인구 서초대20길 788 (수민김읍),정자강박빌라 697호,016-172-2019,jia15@example.com
유민수,74010,인천광역시 도봉구 봉은사2거리 333,중수이타워,010-2601-4652,ogsun82@example.net
박성수,84972,서울특별시 남구 압구정가 56,준혁이빌라,064-782-2997,ogsuni@example.org
오서연,22422,대전광역시 동작구 학동0길 969-15,경희장타워 가동 857호,042-204-3167,migyeong85@example.org
이서영,93355,충청북도 홍천군 언주거리 825,정자최연립 W동 356호,061-534-4452,pseong@example.org
김지우,63579,광주광역시 종로구 선릉로 961,성호권마을 R동 255호,017-819-6734,nhan@example.com
박지현,70490,대구광역시 중랑구 봉은사로 339-34,종수구아파트,019-012-0920,jihyeon27@example.org
김성호,47701,경상남도 수원시 권선구 개포로 295-85 (재호김면),준호이타워 743호,010-9872-4150,hwangsumin@example.net
강지후,25877,충청북도 아산시 영동대7가 484 (혜진이리),유진이아파트 P동 834호,010-1947-1672,jeongnam85@example.com
이준혁,86662,부산광역시 은평구 개포길 515 (현우진김마을),영일류박마을,054-380-4421,hanjinho@example.org
김영호,61907,충청남도 청주시 청원구 역삼015로 581 (은경황주리),상현류타운 476호,033-083-9644,jeongsun25@example.net
김정식,92798,강원도 시흥시 오금45로 287 (정순박정동),서현김김타워,016-491-0944,myeongjai@example.net
성승현,24271,부산광역시 중구 개포4가 772,아름윤김마을 790호,032-324-5812,yeongho02@example.com
김혜진,20838,대구광역시 은평구 오금길 83-71 (숙자황리),경희최빌라 404호,033-772-3051,yeongja14@example.net
이민지,72168,충청북도 성남시 중원구 잠실99거리 330,성훈송허아파트 C동 631호,016-593-9307,jiminjang@example.org
윤유진,20327,충청북도 평택시 석촌호수로 684,명숙김이타워 242호,033-498-6869,seonghyeonjeong@example.org
최동현,21260,부산광역시 중랑구 백제고분718길 983-34 (지혜박리),순자최서연립,010-4830-4267,minjae21@example.org
한성민,13206,대전광역시 송파구 석촌호수거리 389-86,준서김노연립,017-890-4494,sangceol46@example.com
윤미정,43253,인천광역시 서대문구 양재천길 684 (영미노읍),도현김연립 T동 039호,063-782-7409,bbag@example.org
김영길,32408,경기도 과천시 도산대21길 351,민석김김타운 R동 629호,031-369-3927,jbag@example.net
신정훈,47584,울산광역시 강남구 도산대4거리 917-90,성수이마을,070-8742-1529,eungyeong52@example.org
오성호,64296,울산광역시 구로구 석촌호수거리 962 (종수전김면),중수류오타운 U동 026호,064-724-9263,seongminhan@example.com
최서현,86226,대전광역시 남구 봉은사415길 460 (순자이리),영미최타운 184호,061-632-2180,gimgwangsu@example.org
진성수,08763,서울특별시 송파구 오금874로 지하377,미숙최이타워 H동 346호,052-349-1980,gimyeonghwan@example.net
박서연,44588,경상남도 양주시 강남대830가 353,서연백권마을 Q동 311호,063-427-9908,xgim@example.net
박현지,56375,부산광역시 용산구 언주197로 392,보람이마을,016-230-5378,jeongja90@example.net
황순자,00251,충청북도 금산군 백제고분5길 848,승현김연립 S동 394호,052-026-2067,agim@example.net
이지연,81569,광주광역시 도봉구 가락828거리 363 (성민강읍),미영오연립 161호,02-6081-6639,bgim@example.org
박민준,30216,강원도 김포시 압구정로 258 (시우이면),춘자김김빌라 360호,053-983-6047,gyeonghyii@example.com
이혜진,48780,경상남도 수원시 권선구 언주37거리 682-10 (재현이동),성호우빌라 X동 701호,064-749-6072,jangeunseo@example.net
김지민,28586,충청남도 속초시 도산대153로 950,은서김최빌라 S동 794호,019-398-3568,seonyeonggim@example.org
허아름,06979,전라남도 정선군 봉은사길 358-38,종수서이마을 P동 214호,02-5648-0357,gimjunyeong@example.com
백정숙,22588,인천광역시 광진구 개포로 651,서윤김빌라,055-262-3401,pi@example.org
김중수,59822,경상남도 수원시 장안구 역삼792길 581,성현황마을,061-449-4896,junseo91@example.net
김민석,43268,세종특별자치시 북구 서초중앙64거리 225,은경장오타운,011-241-6461,gimyeongsun@example.net
손준영,46573,강원도 화천군 삼성거리 350-63,건우한연립 382호,055-160-0356,eunyeongi@example.net
최혜진,25891,전라북도 성남시 수정구 논현거리 664-18 (지훈김동),수진권연립 G동 772호,063-618-9061,eungyeong00@example.org
김경자,86153,경상북도 안산시 가락6길 17 (순자김동),유진김강빌라 나동 323호,061-211-5169,yujingim@example.org
조주원,49391,전라남도 오산시 압구정549로 156-6,채원송최연립 043호,061-948-8692,yeji19@example.org
이영순,57119,충청북도 가평군 양재천546가 977 (영숙윤안리),은영한이빌라 566호,017-454-4242,cunja26@example.com
이영진,60328,충청남도 예산군 언주로 891 (예준김홍동),영숙김아파트 885호,064-769-1438,yeonghoseo@example.com
문도현,79639,서울특별시 서구 언주거리 440 (지우최이읍),하은양아파트,043-572-7880,di@example.org
김진우,36460,경상북도 정선군 개포가 765-43,옥순김안아파트,02-3373-4897,si@example.com
송상현,74898,제주특별자치도 용인시 수지구 서초대가 482,서영김김타워 E동 377호,02-2196-4637,gyeongsug12@example.com
강예진,22841,대전광역시 성북구 역삼거리 293-97,정호김아파트 461호,042-760-8488,jeongung21@example.net
손승현,62600,제주특별자치도 포천시 봉은사거리 406-86 (영환안동),지영강연립 G동 462호,010-0767-5508,tgweon@example.org
강서연,04105,서울특별시 동구 언주852길 908-75,정희김박타운 I동 033호,011-157-0946,bagseonghyeon@example.net
양미정,00154,강원도 안성시 반포대39길 228,유진이김마을 Y동 013호,043-083-8795,mijeong64@example.org
김광수,14957,광주광역시 영등포구 반포대3가 485 (서연강홍동),중수차마을,031-466-1705,jeongungjo@example.org
김도현,10033,세종특별자치시 동대문구 오금로 797-28,정희강타운 061호,02-6171-8336,hbag@example.org
노승민,33393,대구광역시 서대문구 도산대0거리 296,동현허타운 342호,010-9807-6405,misug19@example.net
조광수,79355,전라북도 안양시 만안구 강남대로 지하19 (영자김리),채원이타운,010-3271-5075,gi@example.net
이성호,16031,부산광역시 강북구 양재천809로 832-96,민재이빌라,019-242-3282,hyeonsug24@example.org
문상현,17017,광주광역시 강동구 석촌호수88가 863-18 (영숙강면),진우송아파트 바동 995호,041-835-1307,iogsun@example.org
윤지아,06850,경상남도 과천시 논현가 124 (영희박읍),숙자권타워,033-390-7939,yujin85@example.org
김아름,23789,경기도 고양시 일산서구 봉은사로 462 (민수허면),민재박아파트,02-2533-4613,jmun@example.net
엄예지,66682,전라북도 남양주시 언주길 858-39 (현주이읍),준호박빌라 S동 093호,062-150-3190,fgim@example.net
김우진,73811,세종특별자치시 금천구 언주7길 283 (성현김김마을),지현김김타운 21동 767호,063-744-7943,ui@example.org
최상호,28599,경상남도 금산군 서초대221거리 지하30,숙자박타워 928호,033-415-0262,jeongung25@example.net
김민지,49903,대전광역시 동대문구 논현7가 464 (서윤이권동),민준김마을 655호,017-252-0984,yeongsiggim@example.net
김은영,37039,전라남도 원주시 도산대96길 497 (상현이하리),현정윤송빌라,041-505-6835,haeunmin@example.net
김춘자,46232,충청남도 광주시 백제고분길 225-98 (미숙홍권면),종수김홍타운 C동 666호,010-4289-0783,sunog11@example.org
최재현,11040,울산광역시 성동구 개포길 692-1 (영식이마을),상호백빌라,051-101-4578,myeongsugi@example.com
박영일,26080,경상북도 연천군 봉은사로 426-39,지민이이타운 H동 394호,018-025-4135,yeongceolhan@example.org
이영순,51425,전라남도 제천시 영동대길 251-65,성민김연립 959호,032-054-7139,gimjiyeong@example.org
심민수,14265,서울특별시 남구 서초대길 지하810,미영김배타운 431호,055-596-8730,gimseohyeon@example.org
권영일,27031,전라남도 논산시 오금7로 871,진우최타운,017-907-3451,jeonghyi53@example.com
허영진,04030,경상북도 고양시 일산동구 양재천로 135-84,현숙오타워 J동 908호,042-351-0129,gimyeongsig@example.org
허정호,64144,인천광역시 종로구 서초중앙로 78,춘자이박아파트 767호,010-4486-6662,vgim@example.org
장선영,92519,강원도 보령시 잠실길 807 (지민최마을),미경서백빌라 246호,016-590-0546,gimjiweon@example.com
박상철,41270,전라북도 안산시 도산대길 88,영수김이연립,053-891-1056,baecaeweon@example.org
김춘자,89635,울산광역시 구로구 삼성23가 798,영숙이한빌라 832호,061-511-8019,yeongilgo@example.com
진영호,71465,광주광역시 서구 선릉거리 941 (은경한마을),예지김이빌라 U동 767호,044-947-9369,ygim@example.net
최예준,35019,전라북도 아산시 논현25가 222-57,중수이마을 L동 892호,032-106-1162,seonghun99@example.org
이수진,82990,부산광역시 용산구 압구정거리 768-3 (민석고배면),진우김남타운 776호,053-211-3801,seojinu@example.org
신진호,83131,경기도 여주시 학동608로 72,주원민김아파트 L동 462호,051-789-7810,agim@example.com
박지후,44574,경상남도 양양군 잠실로 696-25,옥순김김빌라 779호,018-731-0119,jihyeonna@example.net
전경희,00218,충청남도 원주시 서초중앙433가 지하738 (민서박마을),보람유연립 500호,018-887-1886,minjigim@example.net
차아름,21241,강원도 가평군 가락길 472-41 (정숙민최리),성훈김빌라 C동 103호,02-6892-6063,yeongil03@example.net
우경희,19449,충청북도 양주시 백제고분6거리 887 (아름김이리),은주이이마을,064-754-9963,jangyeonghyi@example.org
강현준,76860,대전광역시 은평구 영동대길 482 (성호박마을),은서김마을 마동 283호,062-465-2266,yejun36@example.com
박재호,22673,충청북도 고양시 덕양구 가락로 759-71,정호김빌라 D동 390호,055-793-0728,egim@example.net
차정웅,42982,서울특별시 북구 봉은사689거리 204,지우이최빌라 L동 576호,051-463-5968,miyeong11@example.net
최영철,19215,전라남도 양구군 선릉길 474-42 (미경서김리),예진박아파트 961호,062-228-0580,ihaeun@example.net
전성수,00129,대전광역시 동대문구 오금792길 640 (영숙이면),순옥김타운 692호,064-762-4178,yeongmi42@example.org
홍영자,38084,울산광역시 강남구 개포66거리 35,성훈박최타운 262호,053-634-1084,iminseog@example.org
이보람,36127,전라남도 횡성군 석촌호수86가 897-12 (준호이이읍),영길김심연립,070-1177-7927,jaeho25@example.org
김성호,22952,서울특별시 구로구 서초대로 396 (예원장면),정자김김빌라 J동 148호,054-222-5252,yejin41@example.com
강유진,56627,인천광역시 종로구 도산대거리 455-69 (성수박강면),영길윤송타워,064-742-9958,gimdoyun@example.org
남재현,11278,경기도 속초시 테헤란45거리 717 (영호고최동),정훈김장빌라 가동 325호,043-365-5434,gimgyeongsug@example.org
유영일,18785,대구광역시 성북구 삼성거리 78-67,경자이타워 가동 978호,033-764-2834,jihyeseong@example.com
진민지,81381,부산광역시 강동구 백제고분길 608-28 (은경진면),은정김연립 095호,053-372-0439,seungmin75@example.org
박미영,15991,울산광역시 서구 압구정859길 495,서준김타운,011-103-9617,igo@example.com
박영수,15749,세종특별자치시 구로구 영동대가 442,아름김이타워 E동 813호,062-797-8512,seongho93@example.com
김예준,34076,경기도 당진시 오금가 937-16 (경숙박마을),성훈백박연립,041-653-8458,usiu@example.com
김지우,73335,충청북도 청주시 서원구 봉은사로 118 (옥순윤한면),성진박안빌라,031-385-3610,juweongim@example.net
허예원,83800,강원도 광주시 언주4로 699-39 (명숙김읍),은서하아파트 K동 030호,016-925-6526,jihu44@example.net
박영철,79226,제주특별자치도 김포시 학동가 976-80,승현이아파트 마동 575호,061-965-7340,ui@example.org
임상훈,85894,대전광역시 서초구 잠실2로 888-2,순옥김김타워 Q동 383호,062-788-8416,yi@example.net
황미정,96888,인천광역시 동구 선릉로 102-46 (혜진윤리),지은김빌라 007호,031-045-6734,seohyeonbaeg@example.com
박옥자,21932,인천광역시 강서구 반포대길 881,민재윤박연립,070-2467-3378,seongjin34@example.net
김아름,73612,경상북도 청양군 도산대660가 300-9 (수진허남동),상현황김연립 U동 522호,043-059-6976,bagcaeweon@example.net
김지영,99158,광주광역시 서구 영동대810가 278 (성호김읍),성수지아파트 T동 995호,054-833-8660,jmun@example.com
이중수,76307,경상남도 서천군 개포가 591,서준민김마을 C동 652호,031-635-4391,jeonghyi82@example.com
김승현,53080,충청북도 부천시 원미구 석촌호수6가 48,서연류타워 732호,052-527-6331,gimyeonghwan@example.com
우민준,81189,울산광역시 동구 강남대거리 625-50 (재현안리),준호박타워 N동 578호,043-948-8619,pjo@example.net
고도현,79876,광주광역시 은평구 석촌호수412거리 789,우진김김빌라 나동 692호,063-189-5679,sangceolji@example.com
심진호,68589,충청남도 구리시 테헤란69로 580-4 (정희하박리),서현박이빌라,018-887-2044,yeonghyibaeg@example.org
이명자,29075,대전광역시 영등포구 석촌호수83길 627 (도현노최읍),은정나마을 820호,010-4011-3447,yji@example.org
김경수,10137,광주광역시 용산구 개포8가 389 (영진김남마을),유진김김아파트 P동 643호,016-411-9985,xseong@example.net
김영호,62052,울산광역시 서초구 영동대323거리 934-81 (정자윤면),수빈박윤연립 I동 208호,017-964-1495,cbag@example.org
이서윤,27645,대구광역시 북구 오금거리 382,경자구문마을,011-668-0711,gyeongsu99@example.net
조은서,64440,세종특별자치시 서대문구 석촌호수5거리 532-9,동현황김마을 K동 550호,011-976-9750,hanjaeho@example.net
유서영,48925,충청북도 청주시 상당구 오금64길 511,현준안타워 343호,064-717-0154,gyeongsug92@example.com
박정웅,95216,경기도 서산시 백제고분길 609-83,은영김타운,041-002-9840,subinbag@example.org
안지영,61760,대구광역시 서초구 봉은사거리 44 (지은박이읍),건우황김타워,051-115-0555,dohyeon17@example.org
김은지,33384,부산광역시 송파구 봉은사길 561,영일김연립 R동 135호,053-103-3984,bagjunhyeog@example.com
최성진,43651,강원도 횡성군 선릉거리 979 (정수김한동),승민강박아파트 H동 874호,033-153-8331,juweon73@example.org
김종수,42122,전라남도 양평군 봉은사5로 739-55,상현윤김연립 101동 349호,052-694-6519,eungyeong06@example.org
윤예원,62039,경상북도 철원군 삼성75로 109-57 (민석이동),도윤손타운 가동 564호,064-738-8928,phan@example.net
장영진,54974,부산광역시 동대문구 백제고분가 540-78 (지후남김마을),순자류타운,070-4071-5684,dhan@example.org
김승현,45520,경상북도 홍천군 도산대로 지하501 (도윤허읍),은경김연립 999호,070-5363-2329,seoyeon81@example.net
김진우,80733,충청북도 김포시 강남대길 707-67,성진전타워,063-118-7462,ieunju@example.net
이숙자,79535,광주광역시 중랑구 개포6거리 479-77,서연류타워 750호,016-103-6969,yunseoi@example.org
조영일,80229,광주광역시 서구 잠실거리 704-15 (예원박리),지혜김구타워 174호,011-888-4994,eunyeongseo@example.net
박상철,71407,세종특별자치시 강남구 역삼길 405 (상호이김면),현지김이타워 D동 522호,016-759-9512,jeongsug40@example.net
엄민수,70594,서울특별시 중구 가락8로 666-98 (승현전리),준혁김최타운,043-210-4986,goyeongsug@example.org
김명숙,60584,인천광역시 남구 도산대거리 440-43,영길김박빌라 I동 782호,043-627-6399,yeweon94@example.net
김영환,64584,울산광역시 구로구 양재천거리 933-97,숙자황장타워 670호,032-069-7513,cunja13@example.net
김지민,30071,세종특별자치시 중구 석촌호수거리 548-34 (도현김마을),도윤장아파트 V동 304호,044-474-4815,jaehyeonno@example.net
박정순,99705,경상북도 광명시 영동대404로 750,민재김오아파트,031-189-1834,kcoe@example.org
안동현,27452,충청남도 양주시 선릉931길 827-86,경숙이김타운 345호,051-924-2661,ngim@example.org
이정웅,41760,제주특별자치도 가평군 삼성길 532,영환이백연립 064호,042-298-4707,hongjeongsig@example.com
이민서,75575,전라북도 양주시 석촌호수56길 352,경자윤빌라,070-4663-5732,bgang@example.org
한정남,62359,충청남도 서산시 학동로 559-10 (준호홍면),재현박이빌라,033-996-8315,jeongja64@example.org
장상호,62684,충청남도 의정부시 압구정798가 863,지현민안연립 T동 292호,062-946-3343,jungsu93@example.com
최승현,65925,전라남도 인제군 압구정가 513-66 (영호유류면),지혜안타운,016-671-1977,gweonyeji@example.com
문예지,25249,전라북도 청주시 상당구 역삼23길 지하672 (지후김마을),영미곽타운,016-107-0621,areumbag@example.net
김현우,52103,경상남도 고양시 덕양구 압구정가 695-81,명자김박타워,052-326-0057,gimjeonghun@example.net
박영순,68390,충청북도 계룡시 개포31가 62-55,수빈조연립,019-802-9120,isangho@example.net
박경숙,81207,경상남도 수원시 장안구 반포대7길 802-18,영수박타운 U동 479호,054-809-9548,coeyeongho@example.org
박혜진,62772,서울특별시 마포구 석촌호수가 854-28 (정호박동),옥자이타워,053-078-0637,bagsanghun@example.org
심정웅,30094,강원도 부천시 선릉가 지하336 (종수이김마을),은영김서마을 275호,062-033-2225,pcoe@example.org
이현우,47322,서울특별시 금천구 석촌호수285로 14-36 (준서최마을),광수권김타운 A동 744호,062-645-1525,caeweon07@example.com
장지원,24111,충청북도 인제군 개포거리 지하866 (종수이리),유진백김마을 U동 031호,010-8631-6094,gimyeji@example.org
박윤서,35791,대전광역시 강북구 테헤란로 439,경희손이타워,062-670-9074,gyeongsug45@example.org
황종수,95668,경상북도 양양군 반포대길 608,예준이김타운 T동 218호,064-764-6054,hgim@example.net
김우진,97018,광주광역시 구로구 가락가 936-89 (영숙허리),성훈김마을 512호,062-400-2613,gimjiu@example.org
이상철,65355,충청북도 오산시 양재천0거리 79-28,시우김타워,042-018-5279,gomigyeong@example.net
김숙자,57272,대구광역시 남구 선릉로 171,미숙김타운 W동 724호,062-683-2059,gimjeongsu@example.net
김순자,97532,서울특별시 구로구 잠실7거리 35 (현우김양리),서연김타워 901호,042-001-2539,jiasong@example.com
이민석,04954,경상남도 예산군 언주길 227,예은이김연립 H동 168호,02-0509-7901,seonghyeon45@example.org
장예지,23333,경상북도 당진시 반포대0가 585,혜진황빌라 192호,053-480-4507,seongho77@example.org
서민석,23556,경상북도 영월군 테헤란7가 770 (민서서손면),영수황아파트,019-357-0512,minjun56@example.org
이동현,71006,대구광역시 성북구 서초대가 975-45 (미숙배면),영수이아파트 S동 313호,02-2907-4208,byeongceolbag@example.org
윤상철,89657,강원도 청주시 청원구 테헤란거리 745,예진심연립,019-488-0515,anseonghyeon@example.net
김성훈,84440,경기도 안양시 개포991거리 752 (민재이백마을),주원이이타워 823호,016-575-1139,gimjeongja@example.org
이민지,66005,부산광역시 송파구 역삼4거리 358 (채원홍읍),성호김연립 G동 776호,033-209-1598,jiweongim@example.com
엄수진,29530,울산광역시 성북구 서초대22길 636 (영숙김이마을),영일이김아파트 223동 554호,033-314-2518,caeweon63@example.net
이성호,33505,서울특별시 강북구 백제고분가 98-41 (성민김이면),정순박연립 672호,02-3774-2951,minminji@example.net
박현정,09015,전라북도 고성군 테헤란049거리 423,정순박빌라,055-295-6357,siu42@example.com
김서연,88198,전라북도 안성시 논현5가 58-73,민재김노타워,043-240-2161,vgim@example.net
김경수,99513,강원도 평창군 테헤란831가 지하654,현숙남연립,063-744-8096,haeunu@example.org
강지아,40553,인천광역시 강서구 학동가 798,정숙나타워,063-701-9451,jiyeong37@example.org
이민수,42848,인천광역시 중구 서초대16거리 40-52 (지연이송리),서영김연립 722호,011-296-7667,seongmini@example.org
오영호,17813,전라남도 괴산군 개포가 지하23 (도윤한이동),지후이윤타워 U동 302호,02-3829-5432,iminjae@example.org
홍현주,26242,강원도 용인시 처인구 역삼8거리 312,준서박마을 624호,033-230-4524,ogim@example.org
김광수,58064,충청남도 태안군 반포대거리 390-68 (성호김마을),윤서이연립 421호,055-808-5181,qcoe@example.org
안순옥,03892,대전광역시 은평구 역삼451로 지하103,경자한구아파트 843호,017-885-8201,gimgeonu@example.org
성순옥,13718,대구광역시 송파구 양재천101로 826,경숙서성아파트 B동 718호,063-050-0344,hyeonjuni@example.org
나준혁,29109,울산광역시 북구 압구정거리 611 (재현김김읍),옥자이박아파트,061-739-3966,jeongsugim@example.org
이승민,11687,전라북도 괴산군 논현53가 45-26,정남심최빌라,052-079-2974,igim@example.com
이병철,25297,부산광역시 서구 강남대길 132-72 (민서박마을),지은황빌라 133호,055-790-7521,jinhoheo@example.org
김건우,25933,대구광역시 영등포구 논현9가 266 (성민박리),상호김빌라,031-218-4652,baggeonu@example.net
김영환,99124,세종특별자치시 서구 가락55길 913-29 (성수유진리),선영송이빌라 743호,041-776-0806,jihye51@example.net
이지우,62874,충청북도 금산군 논현가 902-77,서영김마을,052-294-6523,jeongsuggweon@example.org
오지아,11040,전라북도 안양시 동안구 석촌호수25가 894 (미숙서박동),민수박고연립 460호,054-810-9676,baegjeongsun@example.org
윤승민,24953,충청북도 청주시 흥덕구 개포거리 348 (미숙김고동),지연김이빌라,019-148-9494,jongsu99@example.net
김영식,88759,충청남도 홍성군 논현0거리 지하377 (지민김오읍),승현김마을,02-8828-9997,eunyeongo@example.com
이동현,79698,부산광역시 동대문구 영동대40가 773 (민지김마을),준영곽허빌라,02-8746-7557,sanghyeon00@example.net
박재현,30479,충청북도 아산시 개포780로 지하330 (성훈김마을),민석윤마을,053-551-6176,juweon32@example.net
이영자,87080,울산광역시 성북구 강남대531거리 858-96,광수김이마을 884호,011-776-8017,jaehyeon79@example.net
류상현,72496,서울특별시 양천구 오금29길 431 (시우김이리),수진김김아파트,053-348-8328,dohyeon05@example.com
윤예은,53506,강원도 수원시 개포길 81 (순자박마을),영희송아파트,063-768-2433,jiu90@example.net
구상철,33781,경상남도 수원시 권선구 언주551거리 8-92 (도현이김읍),서윤심마을 927호,042-150-8646,jeongnam82@example.net
윤서준,44518,세종특별자치시 서초구 서초중앙2로 284 (영환손박리),예원이마을,011-085-6315,seoyeong77@example.com
윤지연,43576,충청남도 금산군 봉은사6길 280-96,영식한연립,041-098-9264,gimyeongceol@example.net
이민서,83237,세종특별자치시 광진구 논현로 169-44 (도현이김마을),윤서김아파트 O동 766호,044-125-6783,ui@example.net
이영식,88223,제주특별자치도 양평군 삼성로 570,정남김김타운,033-075-4087,gangeunyeong@example.net
고은주,06067,세종특별자치시 성북구 석촌호수45로 460-86 (지혜김리),승민윤안타워 555호,031-707-0736,sunoggim@example.org
한미숙,07805,충청남도 고양시 서초대977로 700,지현김한빌라 27동 679호,070-1054-1883,geonugim@example.com
김예준,82520,세종특별자치시 동대문구 양재천로 359 (영식김면),예원최연립 301호,011-231-1209,isanghun@example.org
김영호,59747,울산광역시 강북구 강남대92길 661,정희서장타운 Y동 899호,017-503-6041,vcoe@example.com
이진우,08910,전라북도 천안시 서북구 압구정629거리 726-16,상호김윤타워 T동 568호,041-770-6582,igim@example.com
박준서,16407,충청남도 인제군 언주1길 231 (영자백면),도현문오아파트 H동 019호,033-793-5684,donghyeon90@example.net
김승민,00117,경기도 시흥시 강남대로 414,은지김이마을,062-792-6875,seohyeon45@example.com
송수진,12910,세종특별자치시 종로구 잠실16가 895-80,성현이아파트 790호,033-345-3872,hyeonuna@example.org
조영희,28893,전라남도 고양시 일산동구 백제고분길 377 (미정김읍),서연이타워,010-8456-1996,seunghyeon72@example.com
서순옥,11519,인천광역시 관악구 양재천0로 428-65 (미정이면),정숙최빌라 M동 225호,055-814-0970,oyeonggil@example.org
지영숙,97208,충청북도 보은군 테헤란07거리 261-66,혜진김아파트 366호,055-737-2573,gheo@example.com
박현정,66611,세종특별자치시 양천구 서초중앙8거리 801-8 (지우이이리),지우이윤타워,016-109-0226,iyeweon@example.com
김정수,23964,경상북도 보은군 개포73거리 353-15 (승현이차읍),서윤김이아파트,019-444-9396,jihye14@example.org
강영길,97121,전라북도 부천시 테헤란97가 645 (지민류김읍),광수심김타운 C동 801호,051-806-8737,wbag@example.net
김지원,72827,인천광역시 관악구 잠실201로 지하197 (미영이김리),서윤노김마을,070-0556-1464,juweon84@example.net
이은영,28622,인천광역시 서대문구 백제고분84가 504-50 (지우이동),영철윤빌라 595호,042-948-5899,myeongjagim@example.net
오성호,52521,경상북도 금산군 가락가 287-68 (수민주박면),정훈김송마을 R동 766호,017-978-4194,ihyejin@example.net
문서윤,48611,제주특별자치도 아산시 학동길 994-61,정남김김타운 Y동 636호,019-104-3575,gwagdoyun@example.org
신정숙,70510,부산광역시 중구 오금거리 109,예준박타워 908호,032-227-2980,igim@example.org
김병철,51911,제주특별자치도 수원시 영통구 논현거리 854-62,춘자김아파트 56동 157호,017-242-2327,donghyeongim@example.net
윤우진,36931,충청남도 보령시 서초대길 776-63 (예원이이읍),지아김이연립 958호,064-777-2866,yeeunbag@example.com
권혜진,60877,전라북도 계룡시 양재천177가 397 (준영김리),옥순심아파트 506호,010-3403-7215,jeongnamgim@example.org
김정자,04318,강원도 태백시 언주길 873-89 (현우오김마을),도현송아파트 217호,033-997-1386,idonghyeon@example.com
강정수,59282,충청북도 광주시 압구정1길 12,미경임심타워,051-827-2206,tsong@example.com
강현숙,69081,전라북도 과천시 서초대가 52-61,정훈김이타워 V동 638호,011-527-4978,ksong@example.org
오경수,64157,서울특별시 동대문구 서초중앙로 665 (숙자이마을),수진권연립,02-2106-0742,mbag@example.com
이명숙,38583,제주특별자치도 광주시 학동로 433,지연장타워,019-193-8684,di@example.com
홍승현,50829,전라북도 영월군 역삼로 543 (정식조최면),정숙김이마을,044-358-3671,coemyeongja@example.com
이경수,11861,세종특별자치시 종로구 삼성거리 680 (영진황김동),성민이강타운 363호,031-384-5266,geonuryu@example.org
심영일,03469,충청남도 연천군 압구정거리 407-27,정훈이빌라 P동 251호,062-314-7907,yeongja37@example.org
박채원,03412,강원도 연천군 석촌호수길 448 (민지양조마을),영수이연립,019-390-2825,haeunyu@example.net
송재현,63618,경상북도 괴산군 오금길 338,예은김연립 P동 172호,02-1649-9101,honggyeongsu@example.com
이은주,42405,인천광역시 종로구 언주8거리 955-61 (현숙김김리),순자유마을 마동 383호,070-0261-0265,thong@example.com
양명숙,73294,울산광역시 영등포구 서초대91로 지하435,건우김마을 D동 429호,017-233-9221,donghyeoni@example.net
최성현,24748,세종특별자치시 은평구 영동대가 695 (영미최한동),영숙박타워 337호,010-0000-6511,jeonghyigang@example.org
박은서,43209,광주광역시 영등포구 백제고분길 278-44,현숙박연립 D동 162호,063-766-3509,iseonyeong@example.org
전예준,89885,경상남도 의정부시 선릉가 341-74 (성훈장서동),정호박김아파트,019-528-1241,yeongsugyang@example.net
박성호,66861,충청남도 부여군 가락길 562 (성수오박읍),순자김김타운,051-829-7457,dgim@example.net
최진호,85435,전라북도 용인시 기흥구 학동로 346 (서연송이읍),성현이이타운 523호,032-331-2030,ogja78@example.com
박예원,66078,제주특별자치도 서산시 영동대867거리 568-62 (춘자김오마을),승현홍문아파트,017-918-6589,nojeongho@example.org
윤동현,93853,광주광역시 서초구 압구정662길 지하611 (윤서한고동),진우박연립 T동 600호,064-799-7712,eunju56@example.net
고예원,46578,부산광역시 남구 잠실로 264-3,선영권연립 049호,070-3662-2340,gimogsun@example.com
황동현,03422,울산광역시 북구 삼성로 지하706 (미숙한읍),현지권빌라,070-8190-1872,hyeonjeong22@example.net
김현정,28257,세종특별자치시 노원구 석촌호수가 160-65,진우송타워 427호,042-756-1087,qi@example.com
서광수,25533,세종특별자치시 금천구 삼성로 797 (예은김김마을),은영서타워 567동 196호,055-318-0832,jangjunho@example.net
이정웅,31029,울산광역시 강서구 학동가 165,현지박진마을,043-052-0589,yunseongho@example.com
박현정,24139,전라북도 청주시 청원구 봉은사09로 563-51,민수이아파트,052-790-3902,gyeonghyi55@example.com
김광수,57939,경기도 동해시 개포8가 836-38,은지오타운 363호,070-6259-3953,mi@example.net
김서윤,23747,광주광역시 광진구 도산대가 772 (현우이리),옥자장아파트,063-636-4002,bgweon@example.net
송민서,54255,인천광역시 은평구 언주41거리 140 (명자박안리),현주윤이타워,055-610-4407,jungsubag@example.com
박서준,37819,제주특별자치도 서산시 봉은사611거리 906-91 (성민김김면),예은최연립 L동 415호,055-330-1875,sanghyeonseong@example.org
류우진,53056,광주광역시 강북구 개포9거리 811-97,은지이마을 L동 310호,052-227-8590,gimjeonghun@example.net
윤상호,97252,전라남도 금산군 학동2로 526-64,보람김빌라 S동 696호,043-308-9136,dgim@example.org
곽민지,42649,인천광역시 용산구 개포로 지하133,혜진김백아파트 M동 766호,053-145-4788,jeongung73@example.com
김지민,87331,제주특별자치도 천안시 동남구 삼성로 661-66,현지지백타워 L동 978호,051-316-6168,agim@example.org
이예진,11960,충청북도 용인시 잠실022가 540-3 (예지최리),지우이송아파트,043-851-1233,ijang@example.com
박선영,99869,충청남도 연천군 도산대길 254-32 (윤서서리),현우류아파트 547호,063-346-3424,gimogja@example.com
김영철,89623,부산광역시 마포구 서초대가 703,경희권김마을 386호,042-341-2758,sanghun01@example.net
송정자,36405,서울특별시 노원구 석촌호수로 163-57,숙자지연립 723호,052-581-2482,coeareum@example.org
권은주,84307,전라남도 용인시 서초대로 940,성진최마을,070-1399-3584,jinu46@example.com
이서연,89428,전라북도 의정부시 삼성거리 703-43 (경수심읍),명자김타운,052-908-6446,minjun75@example.org
김민준,97717,경기도 청주시 상당구 오금로 647-64 (영진이구면),은서김김타운 893호,041-498-8395,minseogim@example.com
허영미,62523,충청남도 공주시 백제고분921길 지하215,도현김김마을,055-563-9625,pyun@example.com
김서준,86784,전라남도 아산시 오금거리 지하649 (지후고면),성진이타운 F동 548호,042-874-9402,sanghyeon56@example.net
장상호,43693,울산광역시 동작구 반포대거리 지하119,옥순박박빌라,042-194-0958,jihujo@example.org
이영미,79359,대구광역시 동작구 압구정73가 900-44 (은정한마을),경희정이아파트,019-391-4952,gwangsuo@example.net
우하윤,30481,대구광역시 서대문구 잠실38로 321-11 (미숙김읍),준영이아파트 Z동 529호,043-322-9265,jinhogim@example.net
김준호,17383,전라북도 아산시 서초대길 597-29,민재윤타운 R동 177호,02-7471-5545,yeweon82@example.org
김상호,14798,울산광역시 동대문구 석촌호수385길 398 (서연강동),영일한이빌라 G동 215호,031-778-3886,cgim@example.net
성명자,56161,서울특별시 관악구 강남대949길 501-72 (현숙박김마을),준영하타운 O동 060호,054-852-9480,seonghyeonhan@example.org
백명숙,69971,전라북도 수원시 영동대41로 810,순옥박타워,053-563-4041,sanghyeonbag@example.org
안준호,08648,충청북도 연천군 석촌호수가 지하448 (영순김읍),광수최이마을 393호,044-014-7852,byeongceol43@example.com
차지훈,39299,인천광역시 남구 압구정0로 701-9,건우성서마을 L동 601호,017-869-6281,junhocoe@example.net
황우진,81252,대구광역시 용산구 선릉가 479-12,지원김민타워 N동 388호,054-881-7801,sunogjang@example.net
구경희,75264,대전광역시 노원구 봉은사가 203-19 (민석김읍),영수서곽마을 W동 986호,043-507-5109,hwangogja@example.net
조영호,27226,대전광역시 강동구 서초중앙길 4 (현지김읍),영일이타워 E동 457호,011-175-0106,gimhyeonjeong@example.org
양수민,11310,대전광역시 금천구 역삼0로 203 (서현최리),주원조아파트 990호,017-109-9923,dgim@example.com
김예준,00461,세종특별자치시 강북구 가락6로 지하294,지영윤마을 H동 229호,064-746-5483,yeongjin05@example.com
김지연,97525,전라남도 보은군 석촌호수16가 687 (민준장박마을),병철안마을,033-769-6475,yeongmigim@example.net
황지후,28352,충청북도 춘천시 역삼로 86-73,영수문빌라,019-398-5313,jihye12@example.com
고승현,36575,서울특별시 북구 개포가 5-64,서영김연립 라동 077호,033-517-6419,miyeong41@example.net
윤은지,16373,충청북도 횡성군 언주62길 117-2,순자김타워,052-476-6599,myeongsug74@example.net
장정웅,60386,제주특별자치도 동두천시 개포로 914 (지우김이동),은정김아파트 나동 449호,052-703-2355,gwangsu41@example.net
김하윤,98292,경상북도 고성군 잠실길 475 (영미송마을),재현허타운,055-719-1375,minsu08@example.org
이미정,44065,세종특별자치시 영등포구 압구정242거리 495-95,성수나장빌라,063-332-4511,jeongsugbag@example.net
오민지,04634,울산광역시 성동구 서초중앙6거리 384,은경김이아파트 485호,063-427-5058,esong@example.net
이미영,84859,부산광역시 관악구 잠실거리 157 (명자강윤읍),수빈강아파트 846호,054-057-7859,sgim@example.net
오병철,93512,전라북도 보령시 테헤란로 117,예진박빌라 X동 426호,052-687-2791,bcoe@example.com
윤준호,39016,부산광역시 강남구 개포67길 지하750,수진서노연립 654호,02-7479-0105,hanyeeun@example.net
이정순,89606,서울특별시 서대문구 양재천거리 53-41,성훈김타워,016-512-3235,gweonjaehyeon@example.org
강정웅,03727,충청남도 의왕시 개포로 987,서준김아파트 614호,010-5054-4109,vji@example.org
오준혁,69885,세종특별자치시 강서구 반포대59길 899-7 (민준이리),준호이박빌라 라동 975호,070-8699-3809,ibyeongceol@example.com
류지우,74581,충청남도 양구군 테헤란872가 713,하은김아파트 904호,043-562-3124,jungsu04@example.com
배윤서,54860,전라남도 수원시 논현거리 621,영희이마을 405호,016-200-3944,gimjimin@example.org
김영희,66287,전라남도 청양군 테헤란로 지하392 (서준심면),서연김김타워 마동 032호,018-686-1802,jgim@example.org
박재호,20444,인천광역시 서구 서초중앙로 717-44 (채원류마을),서연조윤타워 Y동 417호,055-343-5195,seohyeon66@example.org
김지후,21491,전라남도 서천군 논현로 221 (영식강김읍),상철이권타워 944호,031-441-6585,iyeongjin@example.net
최민지,21467,세종특별자치시 서구 석촌호수가 지하939 (준호남리),영진남최연립 V동 004호,031-061-1806,seongho79@example.com
권윤서,49603,광주광역시 노원구 오금558로 695-95 (명숙손마을),은정강최타운 T동 376호,061-820-7582,jiyeongang@example.net
김상현,26025,경기도 아산시 백제고분71로 326 (영일이읍),상현김이아파트 247동 027호,070-4771-4741,ryusujin@example.org
신정수,38699,강원도 광명시 백제고분63길 362 (현지심최마을),숙자김마을,042-060-6103,fcoe@example.net
송민서,30946,광주광역시 관악구 논현거리 498-63,주원이빌라,02-0984-2361,ygim@example.org
권하윤,24784,경상남도 안양시 개포399거리 106-7,상호김이타워 D동 678호,041-733-1029,ujinbag@example.com
박승현,69910,인천광역시 성북구 오금67로 91-44 (동현이배동),상철박타워,052-136-4739,yeongsu85@example.com
한동현,99711,제주특별자치도 고양시 삼성20길 652,정순이김마을 O동 530호,070-5452-8265,ebae@example.net
김민수,82973,세종특별자치시 금천구 논현길 842-49 (지아류김동),성현김마을 S동 658호,041-820-9146,jigyeonghyi@example.org
류지혜,30853,대전광역시 강서구 반포대931로 515-57 (영진김오면),지혜김마을 R동 489호,017-103-9058,qbaeg@example.net
김예은,37514,경상남도 성남시 수정구 가락거리 44-81,준서오이타워 다동 000호,017-831-7131,minseogjo@example.com
이현숙,42660,경기도 보령시 양재천7거리 859-49,영일최심아파트 125호,064-786-5594,bgim@example.org
고지은,51301,충청북도 부천시 논현9길 지하476 (수민김읍),순자최김연립 110호,016-295-2754,iyeongsun@example.net
김정호,38162,전라북도 강릉시 압구정길 645-38,순자홍최연립 107호,032-251-1586,ijunseo@example.net
박정자,35608,인천광역시 금천구 잠실길 506 (건우황마을),정식김마을,052-495-2174,yeongsigbag@example.net
황시우,91652,광주광역시 마포구 영동대로 92,상훈박타운,02-6108-8025,munyeongho@example.com
최윤서,13081,대구광역시 구로구 서초중앙길 394 (정식이강면),명자이이타워 V동 502호,043-509-1646,baggeonu@example.org
이옥순,50848,서울특별시 성북구 영동대97가 875 (서준박안면),은영김김타운 A동 687호,063-280-8854,iogsun@example.com
손준영,93394,대전광역시 양천구 반포대거리 667,준영최최연립,018-928-1574,rgim@example.com
김영길,95787,세종특별자치시 중구 개포289가 323,민수김타워,042-685-3495,gangjeonghun@example.com
김정훈,78298,대구광역시 종로구 삼성로 683 (성현최김리),하윤허조아파트 754호,051-198-8393,ju@example.com
이미정,98330,충청남도 부천시 원미구 가락가 780-54,미경김김빌라 444호,070-3838-4014,yejin28@example.com
서상철,02894,인천광역시 관악구 가락거리 635-8,지훈김이타운 281호,016-122-2482,iseungmin@example.com
이영길,22281,경상북도 안양시 동안구 석촌호수가 276,지훈이박빌라 Y동 655호,061-539-4206,bagcaeweon@example.net
서영순,39015,서울특별시 마포구 학동3거리 640 (서윤김면),은경송지연립 E동 613호,031-931-2109,coehyeonji@example.net
김성진,07142,인천광역시 강동구 논현8가 141,지민장김타운 001호,018-744-5653,hyejini@example.com
강미경,94263,강원도 부천시 오정구 반포대로 982,진호윤빌라 C동 366호,052-548-5710,hanhayun@example.org
김도윤,18614,전라북도 광주시 백제고분로 16-93,지은김빌라,042-420-1426,iyejun@example.org
김성수,28413,대구광역시 은평구 서초대07로 899 (예지김동),은서김아파트 C동 729호,010-5551-4200,gyeongsug77@example.net
박영식,83552,제주특별자치도 당진시 반포대가 지하332 (주원이동),정남김김타운 547호,041-429-3062,eunji49@example.net
박순자,33591,대구광역시 도봉구 백제고분가 312 (현주이마을),영숙전빌라,051-057-3536,yejun77@example.org
이정희,00122,충청남도 안양시 동안구 강남대293길 121 (예준한마을),명자이박빌라 153호,041-066-5468,jeongung49@example.net
손현우,73189,충청남도 부여군 개포가 343-92,현지이타운 472호,02-9618-7269,jeongnamseo@example.net
남성현,46091,대전광역시 북구 개포65로 773-24 (미영이박마을),정식장타워,070-0676-2705,seunghyeonjang@example.org
이시우,05691,서울특별시 용산구 학동0길 119-82,서영남이빌라 606동 403호,070-4219-4633,icoe@example.net
김정훈,75138,강원도 금산군 삼성로 89-69 (옥자박권리),지은황최타운 360호,043-624-5290,seonghun56@example.net
김선영,01597,충청북도 안산시 상록구 역삼9길 146 (지혜성조리),영숙조오타운 32동 096호,043-441-2962,miyeong60@example.com
한준서,21023,울산광역시 도봉구 잠실거리 178-69 (정남김박마을),영숙김연립 다동 008호,070-6619-8089,lgim@example.org
윤상훈,56763,인천광역시 노원구 압구정8거리 569,영미배빌라 984호,062-792-2945,bcoe@example.net
조민지,79733,경상북도 안산시 상록구 압구정길 181,민수한김아파트,011-922-0452,tgu@example.com
서미숙,64367,서울특별시 강서구 백제고분09길 39,현우박이빌라,018-669-8369,kyu@example.org
김정순,58384,경기도 음성군 양재천7가 704 (지훈박홍동),보람김김연립 310호,043-104-8965,myeongjai@example.com
윤숙자,86279,전라북도 가평군 봉은사길 485-74 (순옥이면),동현조타워 075호,064-767-2603,seongsugim@example.org
김수빈,95360,광주광역시 중랑구 언주411거리 287,아름주연립 748동 689호,02-3333-3348,gimmyeongsug@example.com
최은주,39516,부산광역시 금천구 언주412로 270-14 (정식한동),유진최연립,011-297-1312,bgim@example.net
이보람,35237,충청북도 안양시 가락750길 532-50 (성호허리),영미조장타운 나동 232호,055-915-9153,seongminbag@example.net
배경수,28219,부산광역시 중랑구 영동대길 지하619 (성현조박동),준서이이아파트 J동 143호,016-547-5192,jieun38@example.net
김지원,22027,충청남도 보은군 언주길 510-66 (경자서읍),영철전김연립 921호,051-275-4270,gimjihu@example.net
김민재,65663,제주특별자치도 금산군 논현9길 지하848 (영진성마을),유진박우연립,043-595-4191,eunseo40@example.org
양영숙,74322,강원도 고양시 개포7가 101-73,종수김황마을 Q동 800호,019-891-8423,ieunyeong@example.com
나재호,51202,대전광역시 양천구 백제고분길 지하164,미숙이마을 874호,055-339-3640,cgim@example.net
권미숙,22995,충청남도 광주시 논현965로 512-93,지연엄타워,061-337-6412,seongjinbag@example.net
민진우,16337,울산광역시 성북구 석촌호수27로 지하616 (준서김박면),동현구권연립 476호,019-243-3237,sangho06@example.org
이지영,02825,부산광역시 송파구 반포대29길 770-41 (현지김김리),정순심마을,070-6187-0890,gimseongsu@example.org
남민재,86374,경상남도 평택시 서초중앙거리 278-37 (하윤오노면),정숙이김타워,052-384-7086,anyeweon@example.com
이정희,28243,대전광역시 북구 언주8로 580-46 (정훈박조마을),현준이타운 P동 079호,044-379-4339,byeongceol13@example.net
김윤서,76218,경상북도 과천시 도산대583거리 503 (상현박동),예지김강아파트,02-7498-9269,gyeonghyi88@example.com
송진호,69660,광주광역시 동구 도산대로 724,진우안심빌라 460호,042-615-6875,gimhyeonu@example.org
이영환,89945,충청북도 아산시 반포대거리 866,정남김조연립 014호,018-173-6931,seohyeon14@example.com
진은주,03365,울산광역시 송파구 가락24가 142,지은김아파트 521호,016-845-2628,jihye88@example.org
송은서,28766,대구광역시 북구 강남대7가 916-96 (현준오마을),명자김이타운 546호,070-1385-8960,gimyeongmi@example.com
허지은,82688,울산광역시 성동구 석촌호수가 535,정수김박타운 425호,031-206-4225,hansugja@example.com
최현지,83853,세종특별자치시 중랑구 테헤란로 573-31,성진이아파트 065호,010-8703-8892,qi@example.org
김시우,07965,인천광역시 송파구 압구정길 756 (지현김동),민지김아파트 238호,053-066-3343,seojeonghyi@example.net
권승현,85861,경상남도 용인시 도산대가 942,정희김강연립,044-941-2097,jeonghun39@example.com
홍준영,67366,전라북도 공주시 압구정로 829 (현주이김마을),서영홍김마을,033-876-1844,xcoe@example.org
조경희,73045,전라남도 성남시 분당구 테헤란로 지하11 (현우김읍),동현이마을 598호,042-425-9145,ihyejin@example.net
김은정,00464,경상북도 수원시 장안구 압구정길 181 (경자남리),민서박연립 Q동 399호,051-072-8803,yeongjai@example.com
이은경,51254,경기도 성남시 분당구 개포거리 595-41 (지은안마을),윤서황이빌라 88동 135호,019-829-3121,pi@example.net
박순자,30728,서울특별시 마포구 개포1가 350-33 (시우이마을),지원이빌라 M동 962호,042-428-1024,yeongsun85@example.com
엄준서,80293,광주광역시 구로구 선릉로 241 (상철이면),윤서김김빌라 356호,033-867-9469,minseog19@example.net
장민준,10771,강원도 괴산군 백제고분길 지하877 (상호이윤마을),영희문김마을 516호,010-7374-9168,dson@example.org
박예원,65340,충청북도 보은군 테헤란길 878,은정이타워 471호,041-844-1183,msong@example.org
김영희,73027,세종특별자치시 북구 개포길 334-62,정수이연립,031-762-5600,subincoe@example.org
안수민,68414,울산광역시 서대문구 역삼길 357 (예원이읍),미경남김아파트 B동 419호,054-578-2065,jiyeonggim@example.org
진시우,08382,대전광역시 금천구 양재천60가 546-82 (예진조최동),정호백마을 다동 660호,043-959-6909,cbag@example.org
안재호,16538,대전광역시 강서구 논현가 623-37 (지은최김리),상철윤타운,017-653-6270,vi@example.net
윤영식,44462,대구광역시 동대문구 강남대9로 856 (수진김읍),영순김연립 라동 751호,054-103-3432,bagseoyun@example.net
김정웅,76548,대전광역시 동작구 가락5거리 867-67,준혁권빌라,062-195-6113,yeji83@example.com
박서영,41285,제주특별자치도 서산시 선릉925길 694-94 (현주김김마을),지원박아파트,064-735-7845,gimjaehyeon@example.com
차지원,89583,전라남도 오산시 양재천546가 475,진호김타운 I동 091호,010-1300-2480,jeonghyibag@example.net
류은서,44625,대구광역시 마포구 강남대거리 512 (지영김리),정순김양타워 470호,064-707-3038,eunjeonggim@example.com
김서준,49088,대구광역시 노원구 오금9거리 828 (민서최김마을),숙자정빌라 473호,062-041-0562,gimminsu@example.org
이정자,38230,대전광역시 송파구 선릉1거리 386,도윤장우연립,019-088-3019,yeongmi25@example.org
류민석,34544,울산광역시 강서구 도산대783거리 857-2 (민재한리),건우강빌라,031-616-4516,jeongungjo@example.net
이영철,80413,인천광역시 강동구 강남대로 483,옥자윤타운 891호,052-457-0107,hongjunho@example.org
김민서,01550,대구광역시 마포구 선릉가 740 (재호김홍리),서현이빌라 004호,052-560-7234,gimjeonghun@example.net
이영희,63001,인천광역시 용산구 잠실길 지하203 (경숙곽동),영수최김마을,052-349-8871,hyeonu74@example.net
김우진,91690,세종특별자치시 중랑구 석촌호수9가 310 (민수김김읍),지훈이심타워,019-652-5296,yejungim@example.org
전지연,02509,대구광역시 동대문구 가락2가 914 (은지송동),미숙권김타운,044-422-9145,yunogsun@example.org
윤성호,44823,울산광역시 동작구 언주거리 136-76 (성진장서리),승민지빌라 Y동 117호,064-729-2671,seungmin65@example.com
남재호,59170,세종특별자치시 송파구 선릉거리 85 (영순김송리),성호이최타운 046호,017-182-7981,qhwang@example.net
김지아,64967,경상북도 원주시 삼성11가 94-44,지현유류마을 210호,010-9643-5257,sunoggim@example.net
윤상현,33825,제주특별자치도 계룡시 서초중앙길 779,경자이빌라 513호,018-281-2941,hyeonsugi@example.net
이지후,40477,울산광역시 강남구 삼성로 66,춘자배빌라 Y동 341호,070-8897-6904,yunseo93@example.org
김예진,94524,대전광역시 노원구 반포대길 925 (은서박읍),우진최주타워,043-913-6912,bagminjae@example.net
이정자,05917,강원도 안산시 단원구 석촌호수441거리 984 (종수오마을),경수이연립 C동 492호,016-826-1071,jeongnam55@example.com
김상훈,84910,전라남도 오산시 잠실87가 지하298 (지영박리),예진허이타워,053-943-4143,cgim@example.net
박성훈,03677,대구광역시 은평구 서초대7가 710 (지혜김김면),하윤김황아파트 311호,044-220-4366,jbag@example.com
김정숙,68726,전라북도 청주시 청원구 테헤란거리 지하76 (영식홍리),은정김윤연립 575호,033-839-6480,ri@example.net
오은경,46623,대구광역시 영등포구 잠실35가 117 (현준이김마을),영희최오아파트,032-183-1569,ti@example.org
윤보람,46194,강원도 용인시 기흥구 양재천거리 901 (아름윤윤읍),동현윤연립,061-042-6734,jiyeonhwang@example.com
이영수,68091,충청북도 옥천군 가락로 764 (승민이리),정남강김빌라 H동 474호,041-597-1094,ubag@example.com
이하은,41279,서울특별시 광진구 백제고분거리 398 (수진윤박리),영호양김아파트,02-6315-9118,sujin78@example.com
조정수,50925,제주특별자치도 청양군 테헤란가 지하479,은경이김빌라 767호,041-898-3730,eunjii@example.net
최지훈,19117,울산광역시 구로구 오금거리 965 (영수이안리),상현고타운 K동 740호,052-904-3793,baejeongung@example.org
이승현,35563,대구광역시 양천구 양재천길 581-20,경숙이김마을 Y동 020호,044-822-0233,yejun25@example.org
문서현,65013,경상남도 가평군 강남대가 167-33,상호김연립 R동 159호,054-130-7754,csin@example.com
이하윤,03928,울산광역시 성동구 봉은사가 951-49 (예지안마을),경수최심타워 C동 828호,018-933-3238,dohyeoni@example.com
홍지아,14582,경상북도 서산시 개포거리 795 (승현우최리),상호박연립 261호,042-807-2891,jiyeoni@example.org
서영숙,23362,경상북도 여주시 언주6가 213-55 (영철이한동),정순허박연립 339호,044-729-2186,seonghyeon07@example.net
김성훈,41123,경기도 속초시 언주거리 487-62,정호박윤타운 438호,042-723-0565,sunjaseo@example.com
박지원,25195,부산광역시 서대문구 가락가 지하581 (예원송장읍),숙자김김아파트 F동 621호,052-942-3133,jia70@example.com
김은영,21559,전라남도 청양군 테헤란가 423-85,민지이강타워,052-542-6021,qgim@example.net
김보람,17453,광주광역시 광진구 선릉로 626,서연박문마을,052-079-3167,gimyeongmi@example.net
한민서,77027,대전광역시 북구 삼성거리 935,민수최박타운,042-549-8239,minseog19@example.net
홍유진,09776,세종특별자치시 금천구 도산대로 349,상철권타워 K동 935호,017-458-3187,sunog95@example.org
김지후,35071,충청남도 태백시 논현거리 91 (경희이동),동현김김타운,063-347-5661,siu35@example.net
이서영,87742,충청북도 연천군 도산대60가 396 (명숙구읍),준혁김빌라,044-002-2659,yunseongsu@example.com
김예은,85654,전라북도 안양시 만안구 테헤란04로 64 (영일성이면),미정강김빌라 J동 103호,062-071-4980,eunjeong91@example.org
박민재,27454,부산광역시 강동구 논현가 96-41,중수조엄마을,052-508-2964,dohyeon13@example.net
장재현,14431,대구광역시 용산구 도산대12로 595-88,경자허타워 마동 206호,031-074-8207,iboram@example.org
지영희,72887,전라남도 보은군 삼성180길 765-43 (성훈박마을),준영황마을,042-997-1479,jiyeoni@example.org
곽민재,34376,부산광역시 종로구 강남대991로 126-8,경희이아파트 499호,044-970-7659,seoyeon17@example.org
김경숙,44702,대구광역시 양천구 언주거리 858,지은박마을,062-875-2673,bi@example.org
조명숙,31529,인천광역시 노원구 언주125거리 9-72,영식강타운 Q동 612호,011-209-3674,seungmin38@example.org
김민준,07876,대전광역시 강남구 서초중앙998로 708 (예지진동),승민이문연립 S동 142호,062-025-2861,coesiu@example.net
한시우,66259,충청북도 부여군 잠실가 101 (상철김이면),유진최타워 Q동 197호,064-731-6817,hyeonsugjang@example.com
김도현,44692,서울특별시 강남구 테헤란58가 189,영환노마을,044-586-9312,gimyeonghwan@example.net
장정순,33754,강원도 청양군 봉은사가 821-58 (미숙임마을),준서김연립 293호,042-019-1726,jisangceol@example.net
김하은,18416,제주특별자치도 원주시 석촌호수22거리 320,승현이타운 O동 041호,053-933-5506,ijinu@example.net
주영식,27027,서울특별시 구로구 삼성거리 907-88,순자김빌라,032-629-0205,jeongsugbag@example.net
최승민,22937,울산광역시 동구 가락거리 지하881 (수진조문면),수민유타운 524호,019-015-7295,seoyeong92@example.org
김경수,81225,경기도 춘천시 강남대765가 496,지현심타워 592호,053-100-3207,eungyeong14@example.org
김영길,84625,전라남도 음성군 압구정길 377-4,영진김타워 N동 010호,070-9028-7064,wi@example.net
강민서,26070,경기도 부천시 강남대907길 509 (정자박송면),성민최타운 512호,061-720-8740,seojihye@example.net
박영수,91231,광주광역시 동대문구 잠실8로 41,현지김아파트,043-298-7512,sunogbag@example.net
이순자,59134,충청남도 금산군 학동거리 149-94,수빈장안연립,031-513-7188,rbag@example.net
배정남,92777,전라북도 오산시 봉은사거리 385 (영숙조김리),지우김연립 250호,054-816-9291,gimsubin@example.org
김하은,59563,서울특별시 동대문구 서초대9거리 370 (종수이읍),유진유타운 U동 044호,033-723-8531,seungmin38@example.com
이영철,51661,서울특별시 성북구 석촌호수6가 지하986,하은박이타워 204호,019-677-8331,anyeongjin@example.net
황민지,68505,부산광역시 강북구 백제고분거리 198 (준서이면),미숙남빌라 272호,016-917-7662,yujingim@example.org
김준혁,73579,충청남도 원주시 잠실1로 382-79,춘자서연립 057호,064-761-9097,hyeonju37@example.org
김현우,66372,대전광역시 노원구 논현891길 628-15 (진호백한읍),상현김이연립,017-245-7790,gimsangceol@example.net
이미정,84382,제주특별자치도 용인시 양재천길 334-51,준영김아파트,061-943-6195,haneunji@example.org
황서현,46264,충청북도 양구군 봉은사7거리 218-21,영철김아파트 N동 014호,041-873-2084,jungsuryu@example.net
이지연,41617,제주특별자치도 철원군 선릉0가 지하305,보람김이마을 T동 049호,033-498-7018,yujin05@example.net
이영식,06603,경기도 용인시 가락371가 76,숙자김타운 487호,019-557-1806,sangceolsong@example.com
김춘자,68734,제주특별자치도 청양군 압구정길 743 (종수윤마을),은지김타워,070-4435-7533,jieun67@example.net
최현지,77877,세종특별자치시 용산구 서초중앙19거리 472 (상철이박동),승현오타운,062-263-3153,bgim@example.net
김재호,03492,강원도 원주시 오금거리 114-90 (상훈배읍),상훈홍타워 U동 350호,042-869-6838,jeongsug42@example.net
김서준,37734,대전광역시 서초구 석촌호수9거리 549-2 (현숙이양읍),영식김이마을 Z동 271호,041-337-4025,seongsubaeg@example.com
조상철,39233,광주광역시 광진구 오금가 551-5,정순이빌라 956호,019-410-8678,seongsu20@example.org
이지혜,15996,광주광역시 종로구 개포466길 537-49 (영순임한동),성민김박아파트,041-439-8004,junyeong11@example.org
권우진,65214,대전광역시 노원구 서초대길 지하120,서윤김나타운,043-198-7996,hyejingim@example.org
성선영,70280,충청북도 진천군 서초중앙거리 101-9 (영미박윤읍),영수박빌라 524호,018-008-7674,jeongsugi@example.org
김명자,12234,인천광역시 광진구 논현거리 665,은영이황아파트 044호,033-861-5848,gyeongjajo@example.org
주진우,84854,제주특별자치도 안산시 상록구 봉은사642로 301-64,지훈백연립 862호,018-585-7155,rgim@example.com
김정희,67583,충청북도 단양군 오금566로 55-69 (예진권김마을),정자문마을 33동 661호,018-553-1835,hjang@example.net
이은주,30997,충청남도 제천시 도산대592길 538-64,영환권빌라 바동 095호,033-555-9107,gimjeongja@example.net
황병철,98079,제주특별자치도 옥천군 개포가 214-5,보람박아파트,063-235-6694,myeongja37@example.com
강상현,55771,전라북도 청주시 청원구 영동대가 186,정남김심아파트 C동 598호,042-734-9006,si@example.net
박예원,91399,충청북도 과천시 반포대가 752-5,광수강이연립,042-261-2848,miyeongbaeg@example.net
권순자,91525,대구광역시 성동구 논현로 742 (은서허최읍),선영한타워 285호,044-843-2621,egim@example.org
김민수,39558,광주광역시 성동구 봉은사길 지하729,정희김홍빌라 R동 094호,061-147-9841,iogja@example.net
윤진호,34238,경상남도 청주시 청원구 봉은사6로 579 (정순박김동),지아이타워 194호,018-795-9576,gimhyejin@example.com
백영순,42660,인천광역시 동구 봉은사로 139,은영황양마을 T동 404호,042-746-9438,coeyeji@example.org
박성호,74372,울산광역시 강서구 도산대2길 101-12,주원서오마을 T동 335호,070-8788-9334,jangminseog@example.org
이병철,24773,경상북도 오산시 테헤란32거리 317-60 (정식김박리),영희김타운 N동 483호,063-730-3129,fgim@example.com
황혜진,97432,인천광역시 종로구 영동대가 846 (준영홍김동),성훈김마을,033-975-9390,mhwang@example.net
우현우,65108,서울특별시 중랑구 백제고분60길 482,영진노김타워 F동 739호,070-0513-0951,junhyeog52@example.net
박예진,33813,울산광역시 관악구 가락917길 75 (성현이마을),서연김마을 587호,053-191-7390,coeeungyeong@example.org
김정훈,10665,전라남도 태백시 석촌호수로 지하689,명숙고김빌라 274호,062-213-3776,rcoe@example.net
이도현,63809,경상남도 시흥시 서초대로 53 (지영박마을),성호이김타워 255호,064-722-8935,sinjunyeong@example.net
류영순,34655,경상북도 용인시 처인구 선릉거리 지하779,지후이남타워 A동 141호,064-787-6796,gimseoyeong@example.net
류지우,91930,경상남도 고양시 서초중앙가 693-84,민준김아파트,063-551-9428,siugim@example.com
박지후,83025,서울특별시 영등포구 개포길 84,윤서이구타워 가동 877호,070-1245-8185,vgim@example.org
이지연,73403,광주광역시 성동구 잠실거리 615-58,도현김이빌라 300호,062-002-7126,geonu58@example.org
장현숙,30627,전라남도 구리시 강남대거리 894-41 (유진이김마을),지아김송아파트 632호,063-284-0624,jihyegim@example.net
이유진,58446,충청북도 금산군 백제고분가 909-50 (옥자이장마을),정웅박남타운 545호,061-783-5150,abae@example.org
구영식,89540,전라북도 군포시 오금8가 7-74 (미숙우손리),은정권빌라 F동 297호,052-447-6465,yeonggil95@example.org
홍영희,94130,세종특별자치시 중랑구 강남대115가 955-86,준호윤류아파트 069호,018-040-1305,ugim@example.com
조준서,08103,광주광역시 은평구 양재천로 445,우진김타워 749호,061-615-6572,di@example.org
김민수,86514,세종특별자치시 양천구 봉은사거리 254 (지영홍최읍),도현최김빌라 347호,016-678-2328,ijeongsu@example.com
최은경,99456,대구광역시 중랑구 봉은사길 14,성진김마을 125호,016-165-8363,yeonghoi@example.com
이순자,21297,부산광역시 용산구 영동대가 243-20 (미정김마을),영호진타워 471호,032-742-5585,areum91@example.com
오상현,16246,전라남도 증평군 압구정0로 99-12,성현하타워 507호,062-791-8492,gimeunseo@example.net
김도현,57111,대구광역시 마포구 테헤란684길 569,성현박김타운,061-176-8927,yujin04@example.net
박시우,26252,경기도 청양군 선릉58길 926,성현김오연립 X동 225호,061-573-4192,ljang@example.org
김재호,93967,광주광역시 동대문구 가락40가 232-22,순옥박아파트,070-8552-9678,jiyeong23@example.com
홍지원,89043,경상남도 용인시 수지구 석촌호수로 887,영숙백빌라 H동 136호,011-740-0882,seunghyeon88@example.org
민진호,32233,부산광역시 종로구 봉은사로 지하724,수민황빌라 467호,017-260-9910,ihwang@example.com
송명숙,64339,충청남도 고양시 일산서구 개포87가 458,광수박마을,070-0696-0800,gweonyeongsu@example.net
이서준,80864,울산광역시 강동구 개포04길 90-14,시우윤문마을 E동 754호,070-6084-7663,gimjunyeong@example.org
김유진,34936,대구광역시 서초구 선릉898거리 618,지민김최타운 G동 590호,02-1463-4117,baemyeongja@example.net
오옥순,69313,강원도 고성군 삼성12가 86 (서윤이류마을),준혁차조빌라 마동 912호,016-835-8242,gweonyeongsig@example.com
김우진,04656,울산광역시 강남구 양재천1길 559 (재현박김리),정숙박김연립 S동 379호,016-054-4175,sugja95@example.net
고승민,33917,대전광역시 성동구 영동대길 755-94,수빈김한타워,010-3593-7278,uyeji@example.com
박상현,63800,전라남도 계룡시 오금거리 500,지훈박연립,061-585-5890,gimseoyeong@example.com
차상철,30214,울산광역시 북구 개포402로 725-64,수진김타워 R동 840호,061-532-6428,baegsangho@example.org
윤성수,92237,대구광역시 관악구 논현가 922 (은영김리),경수김박연립 256호,053-864-7474,juweon37@example.net
황중수,84884,인천광역시 광진구 학동길 475-30 (은경송면),정숙홍연립,070-8362-5646,yeongceolhong@example.com
이성민,93407,부산광역시 용산구 논현3거리 392-10,상철김마을 40동 098호,018-952-3325,igim@example.net
황수빈,57364,대전광역시 은평구 석촌호수길 373-74,지후김김아파트,041-510-4771,junhogim@example.com
이정식,45387,전라북도 횡성군 역삼길 734,아름이연립 Y동 659호,063-135-2637,shong@example.com
김준혁,03143,대전광역시 중랑구 삼성1가 184-97,미영구빌라,064-725-1201,ganghyeonjeong@example.net
강정희,38840,대전광역시 은평구 테헤란553길 503,정남이아파트 S동 762호,011-292-4338,jihyeongim@example.net
강현숙,20459,전라남도 군포시 역삼거리 33-51,영식이마을 X동 884호,043-708-0112,sangho30@example.net
김수민,24277,대전광역시 강남구 가락5거리 지하413 (영환이면),도현송타운 K동 526호,064-745-5463,jaehyeon12@example.org
김미경,66855,서울특별시 서초구 서초대68가 383-44 (지후박읍),동현박마을 R동 805호,042-318-0722,ijinho@example.com
김영일,89272,충청남도 천안시 동남구 영동대로 559-77,상철김연립 175호,061-653-5348,jimin85@example.com
박아름,11801,경상북도 군포시 삼성99가 907,상현이김아파트 128호,043-528-9989,minseogan@example.net
고광수,51449,울산광역시 강북구 삼성로 지하131,동현류타운 036호,017-261-2383,vcoe@example.net
박미정,61305,강원도 안산시 상록구 선릉길 538 (지아안최읍),예은안빌라 C동 585호,044-579-8479,bageunjeong@example.com
엄지영,27602,울산광역시 송파구 논현44거리 368-74 (현준김류리),현숙김곽타워,063-637-4031,fi@example.org
진민석,34098,대구광역시 강동구 역삼6로 659-69,혜진남타운 L동 485호,017-388-5408,jaehyeon69@example.com
이미영,72358,부산광역시 성북구 오금6가 955-20 (준혁양동),상철김박아파트 마동 030호,018-333-6112,hcoe@example.net
남민서,82336,대전광역시 성동구 영동대거리 153-88 (진우이읍),명자이김타운 F동 499호,016-096-5860,gweonyeongho@example.org
차미영,56085,경상남도 의정부시 압구정가 지하916,준서이타운 H동 338호,011-164-8632,jia13@example.com
김민지,64974,경상남도 화천군 도산대60가 485-36,숙자한마을 102호,055-124-0132,yeonghwangweon@example.com
윤현숙,05548,전라북도 제천시 강남대로 39 (민지남문동),정수김타워,02-7775-6674,gimjiu@example.net
이미영,54126,경기도 포천시 서초대932거리 528,영진김타워,061-988-2587,hwangjihyeon@example.net
최아름,61345,경상북도 부천시 원미구 학동600가 919-3,지후김아파트 375호,051-832-4602,yeonghwanseo@example.org
김경숙,40892,부산광역시 영등포구 반포대로 지하425 (은영최마을),성호허임빌라 W동 414호,011-747-6408,yeongho33@example.org
이성호,91432,경상북도 화천군 논현길 지하286,은정이김타운 M동 993호,018-821-1952,yunseo17@example.net
우지민,69938,대전광역시 서구 잠실가 563,준서남연립 C동 410호,033-338-8262,sujinbag@example.org
이영철,25325,인천광역시 송파구 서초대가 256-7 (영철최조읍),지은박황타운 756호,043-802-1720,ian@example.org
윤성민,17322,울산광역시 금천구 학동길 756 (재호박오면),선영고김아파트 S동 727호,062-479-6756,iseungmin@example.com
이재현,44233,광주광역시 종로구 테헤란가 394,종수황빌라 949호,051-845-8376,pgim@example.com
최지현,88884,경상남도 춘천시 봉은사2가 369-49,경수권연립 A동 215호,041-626-7013,sondohyeon@example.org
이옥자,59040,부산광역시 서초구 영동대754길 983,영순정타워 646호,010-5034-9546,isujin@example.com
임상철,61794,부산광역시 성동구 테헤란가 176-84,영진한타워 L동 747호,033-168-1363,jiyeongi@example.net
김민서,73504,서울특별시 동대문구 도산대거리 지하924 (지민김동),정희서타워,011-275-6060,seonyeong23@example.net
김영호,77397,광주광역시 서초구 선릉788가 지하764 (영순박마을),은경이박빌라 069호,044-253-0033,seoyeong93@example.com
이영숙,64148,경상남도 고양시 덕양구 언주로 417,도윤고성빌라,044-931-9152,jimingim@example.com
양시우,14396,서울특별시 양천구 양재천거리 26-54 (정호강동),지혜권김마을 바동 227호,053-244-2051,icaeweon@example.net
김병철,62218,광주광역시 강서구 가락길 368,중수김이연립,064-767-6456,gangjunhyeog@example.org
진정훈,69691,전라남도 이천시 강남대086길 600-31 (혜진엄이읍),아름황연립 463호,032-266-7726,jeongnamjeong@example.net
조영숙,56079,서울특별시 은평구 선릉가 937,영미박타운 485호,043-519-8364,yeweonbag@example.org
박혜진,74335,충청북도 인제군 백제고분7길 8-75 (상현우박면),지연권타운 404호,042-526-5045,si@example.org
전선영,10917,인천광역시 동구 압구정76길 340-14,미정정타운 871호,031-837-5896,yejin81@example.org
황서준,17782,경기도 부천시 오정구 테헤란거리 964,성호김타워 229호,018-402-9543,gyeongsucoe@example.org
김중수,84371,충청북도 수원시 도산대로 838,예지이오빌라,063-298-9663,sujinjang@example.net
오지혜,36243,경기도 청양군 삼성가 519-49 (서준최동),숙자오박빌라,055-339-3351,baejihye@example.net
권도윤,10415,전라북도 청양군 서초대202길 610 (서영김이마을),윤서이지타워 018호,011-143-5265,ccoe@example.com
신정수,15711,울산광역시 용산구 개포거리 731-27,미영이타운 B동 700호,061-444-4119,jeongdonghyeon@example.net
유경숙,70975,세종특별자치시 서대문구 역삼길 251-60 (혜진이김마을),민서배타운 마동 647호,044-289-8352,jihye00@example.com
한광수,46540,경상북도 진천군 잠실7가 884-79,채원이아파트 046호,052-528-1912,seongsu41@example.org
김정호,44696,부산광역시 노원구 반포대가 807-52,은정박윤타운 나동 897호,054-082-7769,ti@example.net
한미숙,00598,경상북도 평택시 선릉로 136,중수김타운,043-015-5538,hwangyujin@example.org
윤은정,90292,세종특별자치시 종로구 학동로 714,상훈김박타운 651호,043-349-9758,gwangsu68@example.com
김광수,37952,전라남도 광주시 가락955가 335 (옥자신마을),영숙박타운 519호,043-434-8370,seonyeong70@example.org
박재현,53108,전라북도 천안시 동남구 오금530가 281-65,지연박타운 65동 029호,010-5540-8693,zgim@example.com
김옥순,44150,세종특별자치시 서대문구 학동거리 565-33 (하은최동),경자이박빌라 269호,044-349-1341,jieun83@example.com
김민재,04796,울산광역시 중랑구 테헤란로 641,영수조연립,016-206-5744,yeongsugsong@example.com
박현준,80648,울산광역시 종로구 백제고분22길 394,경수윤서연립 X동 063호,018-398-6320,jiweon94@example.net
황서영,06093,대구광역시 관악구 삼성가 4 (영일이류마을),지우김이타운,032-692-7065,hayun98@example.org
김정수,01768,대전광역시 동대문구 석촌호수로 234,영수박곽타워 406호,033-908-5096,ijiyeon@example.org
이수민,96740,대구광역시 서대문구 가락로 200,재현한마을,053-435-4221,sanghungim@example.com
문정남,32167,인천광역시 중랑구 영동대160거리 439,성민허빌라 529호,051-818-1370,hgim@example.com
정채원,22940,인천광역시 강남구 서초대835로 52-16 (지훈박이동),경수오김마을,010-0296-5188,hyeonjun33@example.org
안은지,42729,경기도 광주시 양재천길 958,현우오윤타운 847호,02-0282-3412,yeongjabag@example.com
박준영,69145,부산광역시 강남구 반포대거리 286 (지혜류읍),도현전마을 J동 601호,041-041-2378,jungsu36@example.org
이하윤,20602,경상남도 청주시 상당구 개포840가 656 (지혜이김면),재현김윤마을,055-205-1852,jiweon94@example.org
김상호,56285,충청남도 옥천군 반포대2로 600,지은윤이연립,018-572-4265,si@example.com
홍현준,62057,전라북도 동두천시 선릉41로 834,미경황서빌라 G동 456호,032-689-1952,ncoe@example.com
김선영,88451,제주특별자치도 수원시 서초대로 319 (진우강마을),지영김남빌라 C동 720호,070-7061-9907,agim@example.net
손은정,88052,충청남도 고양시 일산동구 개포0거리 59 (지훈이마을),영일곽마을 C동 422호,063-418-6113,vmin@example.org
양민석,76658,제주특별자치도 아산시 압구정056길 677 (유진문면),성수김아파트,052-220-2940,vyang@example.net
김상호,14158,경상북도 음성군 봉은사로 835 (지은황손동),도현박이연립 091호,019-223-4344,kcoe@example.com
최미정,98587,제주특별자치도 성남시 수정구 선릉176거리 316 (현숙곽읍),선영남타운 M동 877호,019-566-3416,pgim@example.net
이예은,37135,경기도 동해시 삼성487길 745,미정안김연립 Y동 613호,061-590-7660,vi@example.net
박정숙,58095,부산광역시 서구 영동대0로 지하638,미영한권빌라 Y동 346호,042-121-5378,coesugja@example.net
심민재,43897,부산광역시 동작구 가락73길 204-67 (준혁엄오면),성훈주아파트 마동 234호,053-158-3086,gimsanghun@example.com
오도윤,56986,서울특별시 광진구 선릉로 190 (예준송읍),진호박이타워 Q동 684호,043-683-9178,borami@example.com
김영철,24659,전라북도 춘천시 봉은사67길 891 (윤서이읍),도윤김박타워 Y동 624호,051-441-3468,qi@example.org
김미영,80888,대전광역시 도봉구 영동대401가 255-34,영미김타운 965호,02-5231-9470,songminjae@example.org
김광수,03830,대구광역시 용산구 삼성881가 679-92 (은지김김동),선영박마을,043-061-4455,sinseojun@example.net
김미정,31389,부산광역시 강남구 영동대가 639,시우이타워,063-914-5723,jaeho30@example.net
백정호,54881,경상남도 양평군 학동87로 889 (승현박곽면),수민황김빌라,032-556-3136,yunseoi@example.org
김동현,14056,전라북도 고양시 도산대445거리 976-56,정희황류빌라,062-466-7594,gimogsun@example.net
송정웅,67955,전라남도 용인시 처인구 학동거리 23-97,영식윤박타워 090호,017-876-6402,gweonmyeongsug@example.com
박은지,34339,전라북도 태안군 서초대52길 202-42,영길손타운 420호,041-191-0140,iyeonggil@example.net
박우진,84006,경상남도 제천시 영동대20로 464-37,영길이김연립 773호,02-8284-2009,geonu51@example.net
김진우,29691,강원도 수원시 영통구 삼성거리 423,시우송타운 871호,042-789-0342,ryumyeongja@example.org
박시우,95829,서울특별시 동구 도산대412거리 980,유진이마을,016-478-2421,sujingim@example.net
김옥순,94782,경상북도 동해시 테헤란0길 551 (도윤윤마을),명자문김마을 592호,017-323-4429,yujeonghyi@example.net
이정훈,06733,충청남도 철원군 석촌호수거리 814 (지아이박면),동현김빌라 M동 769호,052-078-5563,gimgyeongsug@example.org
김춘자,49697,경기도 구리시 서초대길 894-85,동현차타워 T동 780호,011-195-3434,ujang@example.com
김혜진,59040,광주광역시 송파구 봉은사로 401 (지은민동),성민이배타워 M동 888호,052-320-9726,seongho65@example.net
곽미영,07827,인천광역시 마포구 강남대9거리 646 (준영장면),영진이박아파트 K동 998호,02-0469-5685,gimjihye@example.org
김지민,19089,경기도 강릉시 잠실01길 190,영진김최아파트 Q동 944호,02-3616-8164,hayun64@example.org
김성호,02687,충청남도 고양시 강남대가 881 (영희김이동),수진이김타운 Q동 023호,018-080-4997,misug69@example.com
이지연,38797,충청북도 남양주시 잠실길 98-71 (민서하김면),준혁김타워,051-196-0159,yeongmi06@example.com
주숙자,39613,광주광역시 양천구 백제고분길 417 (광수강마을),준서김차타운 P동 504호,053-833-8266,ygang@example.org
문성현,43034,서울특별시 구로구 선릉가 334,현주양황마을,052-175-2850,yeongja62@example.com
김윤서,43434,서울특별시 중구 서초대가 665,영길배빌라,043-581-3330,yudohyeon@example.org
박미경,44526,대전광역시 서대문구 백제고분8로 995,채원강이타워 S동 564호,052-638-4544,wbaeg@example.com
유은서,29051,전라북도 당진시 봉은사거리 지하93,지우이타운 E동 781호,062-223-8676,hanyejun@example.com
이성현,43361,전라북도 제천시 봉은사길 126,영숙김타운 T동 293호,070-9313-2284,yejun51@example.net
조영미,95146,경상북도 충주시 삼성거리 810,병철박박아파트,055-296-1944,gimsunog@example.net
박진우,83410,전라북도 가평군 가락71길 720,경희곽아파트,043-073-9205,gimboram@example.org
조지혜,11227,대구광역시 서구 양재천66거리 878-94 (은영박읍),채원이빌라,062-561-8736,haeungim@example.net
이은지,41249,부산광역시 동대문구 영동대가 429-36,춘자이아파트 36동 697호,02-8474-4556,yujihun@example.net
이건우,13882,울산광역시 종로구 봉은사로 185 (민서임마을),예진김빌라 62동 196호,053-062-9034,esong@example.com
김광수,62579,대전광역시 금천구 양재천거리 189,지원최타운 582호,017-293-1514,jia29@example.com
황민서,81185,세종특별자치시 관악구 역삼76거리 165-58,숙자김연립 I동 180호,052-293-4424,hyeonsuggim@example.org
박현준,30198,경기도 안산시 상록구 언주길 423 (서윤이최리),영숙박마을,033-686-7561,tbag@example.net
김예준,51572,대구광역시 용산구 석촌호수로 102,정웅김마을 965호,033-706-3488,yunseogim@example.net
성숙자,31572,경상북도 시흥시 삼성길 485-94 (준호윤김마을),미영전강타운,055-845-7348,seunghyeoncoe@example.org
김민재,01368,제주특별자치도 아산시 양재천로 200 (성현이마을),민수박마을,033-107-9052,seungmincoe@example.com
이서영,82712,경기도 여주시 오금100거리 294 (현주차동),종수박타운,061-585-7130,oyang@example.com
이혜진,38259,경상남도 음성군 반포대9로 799-19 (민준박마을),서준서오연립,064-744-5013,seoyeongbag@example.org
이정식,65025,세종특별자치시 서대문구 삼성길 582-19 (은서김면),영일권허아파트 865호,017-640-4449,agim@example.org
이은지,55853,경상남도 논산시 테헤란778가 864-41 (정남허읍),숙자서최마을 664호,017-243-6708,minseog62@example.net
김선영,09629,울산광역시 용산구 선릉4로 지하182 (정호주동),서준류이타워,064-751-3801,tan@example.com
이영순,38966,충청북도 김포시 잠실로 609-63 (민재박마을),정희장한마을 155호,019-070-9192,dohyeoni@example.net
구재호,67299,경상북도 양양군 서초대로 372,옥순진아파트,017-823-4446,songyunseo@example.net
김순자,16657,경기도 부천시 원미구 석촌호수가 346 (영환양마을),숙자박강마을 657호,011-175-6920,egim@example.com
문하은,08664,경기도 청주시 상당구 도산대길 232 (영길황동),유진고이마을 594호,062-048-7269,hsim@example.org
김지현,42248,대전광역시 광진구 잠실로 789-16,지연최빌라 라동 375호,070-2930-8709,yeji29@example.net
이예준,63194,충청북도 수원시 영통구 영동대로 331-78,수민이이빌라 128호,017-937-6369,rgweon@example.com
하민수,18683,경상남도 철원군 선릉98로 561,현숙남오타워,016-276-7057,ccoe@example.org
장영수,22475,전라북도 연천군 삼성로 424-20,정자김김타운 768호,011-068-2940,songseonyeong@example.org
임영호,07691,세종특별자치시 성북구 압구정34로 60,하윤노김아파트 마동 483호,032-440-2573,jeongsunbag@example.org
박영수,55429,경기도 평창군 언주길 851,영식김서마을,064-739-0228,ihyeonjeong@example.net
오주원,66463,충청남도 이천시 도산대1가 291,영철이빌라 W동 369호,062-966-9298,sgim@example.com
이정남,03931,인천광역시 서대문구 역삼가 460,성수조조아파트,062-108-9350,juweon45@example.net
이숙자,78876,강원도 수원시 팔달구 서초대길 505-11 (하은이마을),지훈김빌라,052-767-3624,eunseobag@example.com
오경자,12459,충청북도 안산시 영동대192가 177-23 (건우이정리),경숙김김빌라 495호,055-059-1695,eunjihwang@example.net
이서현,28735,충청남도 춘천시 석촌호수9길 800,성진류타워,061-224-0675,ehan@example.net
김현숙,80218,강원도 포천시 영동대거리 539-40,영환김김빌라,033-145-4250,dgang@example.com
강중수,50992,서울특별시 강남구 가락226길 649 (은서박손면),옥자김마을 라동 288호,019-917-7216,mijeongi@example.com
윤영환,18164,대전광역시 금천구 서초중앙265길 지하57 (현주한동),지연최빌라,018-432-8137,guhaeun@example.com
안도현,85752,서울특별시 강서구 도산대89길 437,현지김타워 Y동 799호,019-476-4598,jeongho48@example.net
김영호,56437,광주광역시 서초구 서초중앙로 362 (상현김읍),지훈최이빌라 L동 616호,052-105-7585,ogjagim@example.com
김영호,04326,경상북도 용인시 처인구 논현길 80 (수민김동),민재오윤마을,055-799-3912,anogsun@example.net
박경자,33829,강원도 남양주시 압구정가 888-6 (정숙심심읍),승민김빌라,031-197-7577,baggwangsu@example.org
신서준,70628,대전광역시 광진구 도산대91로 80-81 (지혜김면),서영심마을 가동 288호,011-122-1225,jiweon03@example.com
김정순,90585,충청남도 연천군 반포대길 135,승민권타워 Y동 926호,032-652-6104,hyeonjeong48@example.net
이현주,66330,인천광역시 구로구 도산대로 374-48 (은정나안면),지아류타워 바동 348호,054-714-3121,ogjago@example.org
장수진,80181,인천광역시 송파구 반포대93로 284-83,준혁황연립,062-677-9129,caeweon03@example.com
김보람,12194,서울특별시 남구 압구정로 961-63 (종수최동),옥자이민마을 C동 449호,051-083-2130,hcoe@example.org
김영미,03412,광주광역시 중랑구 영동대거리 362-50,재호유마을 A동 743호,011-073-9938,ebag@example.com
서정자,03398,경기도 시흥시 역삼가 지하631 (은영이리),숙자김타워 976호,070-3666-8825,jongsugim@example.org
곽현우,47854,대전광역시 남구 오금길 488-66 (경자박김동),재현안연립,02-4169-2255,hgim@example.org
이지원,47059,전라북도 정선군 양재천43길 503,순자남이연립 850호,055-393-5547,yhwang@example.org
주준영,33365,부산광역시 금천구 오금6거리 74-46,승현이타운,043-870-2005,ijieun@example.com
김예은,21338,전라북도 남양주시 잠실거리 56 (민준최동),지영김전아파트 I동 512호,044-055-1501,misug51@example.net
이종수,36767,세종특별자치시 구로구 도산대거리 333-57 (현우박마을),미정김아파트,016-630-9595,bgim@example.net
송보람,03983,경상북도 철원군 백제고분9로 944 (현지김면),민석오아파트 I동 474호,033-028-8556,jihu66@example.net
유지우,08438,경상북도 부여군 석촌호수45가 503-77,민재민김아파트,070-3307-4243,iyujin@example.com
배영진,69598,광주광역시 강남구 석촌호수580로 745-92 (준서이마을),옥순안박타운 D동 095호,063-305-2399,igim@example.net
최상현,65392,전라남도 의왕시 언주610로 801 (현주박황동),서연허박빌라 078호,018-957-9605,gimminji@example.com
남옥자,64114,서울특별시 도봉구 가락867길 885-18,지훈고연립 610호,064-714-8713,jungsugim@example.com
최지아,77642,대전광역시 중구 압구정030길 52,은지김황마을 W동 401호,041-637-8868,hi@example.org
백영식,08612,광주광역시 강서구 선릉길 814-63 (병철백마을),승민박마을,031-137-5589,seonghun41@example.com
황유진,63245,인천광역시 동작구 테헤란843로 724-83,수빈홍이연립 391호,054-081-0287,zgim@example.net
김성진,93532,강원도 용인시 처인구 백제고분7거리 152-41,민준전황연립,053-930-7766,ryuminjun@example.org
김현준,08292,경기도 이천시 석촌호수로 지하757 (상철양김마을),예원김연립,032-999-1823,hyeonju61@example.net
이영환,52882,제주특별자치도 부천시 오정구 테헤란949거리 9-46,미경박이마을,062-803-6252,yejin60@example.com
박예지,77735,인천광역시 도봉구 영동대로 5,경희오연립 725호,051-753-0913,csim@example.org
이경희,41064,전라북도 수원시 팔달구 서초중앙1길 435-27 (지훈양주리),예진황타운 624호,051-148-2112,minjii@example.com
곽명숙,36326,경기도 서천군 영동대171가 지하175,영철이마을,043-549-2013,mnam@example.net
김은영,03421,서울특별시 남구 학동646로 207,성진허빌라 892호,055-473-7406,yeonghyi45@example.org
박순옥,68022,충청남도 의정부시 가락가 206-41,정식이연립 N동 586호,052-807-9030,seoyeong00@example.net
이상훈,35069,울산광역시 서대문구 백제고분거리 389,건우서마을,02-3985-8509,ubag@example.org
황영환,86968,서울특별시 금천구 선릉2로 180-82,지아김김마을,061-534-6925,sangceol30@example.org
이영수,06797,인천광역시 남구 백제고분128거리 15-99 (주원하최동),재현최마을 H동 244호,062-537-8165,onam@example.org
하민석,16051,경기도 파주시 석촌호수로 855-6 (숙자심리),영호구타워,052-489-1863,ogjagim@example.org
김성수,33323,부산광역시 용산구 삼성6가 771-26 (미숙이동),민준이빌라 가동 619호,02-1346-5193,ebag@example.com
배상훈,74813,대전광역시 용산구 석촌호수로 370 (주원김마을),현정권류빌라 W동 748호,019-609-0993,doyun02@example.net
김정호,28317,전라북도 평택시 선릉가 482 (승현양읍),옥순박타운,054-704-8963,jungsu17@example.com
김예준,53677,서울특별시 노원구 압구정거리 지하715 (영길지이동),옥자오강빌라 095호,062-935-1017,rseo@example.com
한지연,31472,경상남도 괴산군 삼성0길 938,정식한김아파트 696호,043-371-6128,eunyeong93@example.org
박명자,75202,경상남도 안산시 단원구 봉은사가 945-85,지훈김최마을 E동 063호,018-958-6205,gimjeonghyi@example.net
김동현,28153,서울특별시 성동구 오금로 742-42 (지은김동),진우이황연립 V동 144호,063-847-3110,hyejin17@example.com
이준영,98502,제주특별자치도 이천시 테헤란300거리 590-70,도현오송타운,042-305-3983,usim@example.com
문순옥,73546,전라북도 청주시 서원구 석촌호수가 287-96 (명숙김최마을),수민최이타운 961호,051-191-8331,jbag@example.net
김정식,49050,서울특별시 남구 양재천로 574-28,민재박빌라 831호,062-599-8165,hhwang@example.com
이은서,72637,강원도 안양시 동안구 석촌호수가 311-76 (현정이김읍),예원최김빌라,042-487-9809,dhan@example.org
진상현,25505,경상북도 증평군 논현96가 962-48,영미박아파트,02-2183-3169,gyeonghyi42@example.org
김은정,24474,경상남도 홍천군 가락거리 810-52 (미경이면),정희윤김타워,041-105-3155,yeongsu51@example.org
이재현,34286,충청북도 아산시 반포대778로 지하756,현지손황타운 J동 826호,044-160-0426,jiyeon13@example.org
전지연,67274,경상남도 아산시 역삼가 지하164,도현이이연립,031-503-4447,hyang@example.org
최지후,41750,경기도 고양시 일산동구 석촌호수60가 640,지현박아파트 M동 539호,062-809-3030,mgim@example.net
박정훈,05891,울산광역시 동작구 강남대로 313,승민윤타워 541호,017-021-2078,yeonghyi32@example.org
김영진,47008,울산광역시 중랑구 논현398가 83-66 (상훈장읍),경자노타워 나동 937호,055-997-7308,ci@example.com
이상현,64897,제주특별자치도 홍천군 오금길 127-17 (예원오마을),정자오마을,064-787-9694,minsu78@example.org
김정희,37674,경상남도 평창군 석촌호수가 472-91 (영길박마을),서현김박빌라,041-293-3320,fan@example.net
장서윤,31187,경기도 동두천시 가락길 784-86 (도현장오읍),영숙이박연립 401호,042-032-0981,junyeongha@example.org
김정식,95328,경상북도 아산시 잠실길 954-51 (민지김읍),준혁장이마을,044-243-5429,jeongho72@example.net
김재현,37786,전라남도 수원시 영통구 양재천로 874-66 (옥순이장읍),정수이김타워 249동 219호,052-499-0267,pgim@example.com
박유진,21303,경기도 보은군 영동대7가 931 (미영이박읍),영환김연립 D동 813호,017-653-4724,gyeonghyigim@example.org
김성호,63041,대전광역시 광진구 백제고분86로 48-41,영미이타운 604호,041-424-0986,agim@example.org
박종수,02719,충청북도 동두천시 논현거리 지하153 (민준최이리),정웅장타워 203호,02-7822-6011,seongsu18@example.org
김지연,29091,울산광역시 마포구 역삼5길 지하157 (지원박박동),재현김안타워,052-951-2043,yeongmigim@example.org
오유진,30611,경상남도 수원시 장안구 잠실37길 713 (성훈오면),숙자윤아파트 C동 941호,063-275-7668,imigyeong@example.net
김상호,20153,울산광역시 서대문구 오금1길 386 (준영서송리),재현구타워 277호,054-202-1447,yeongsuseong@example.net
조재현,89966,세종특별자치시 송파구 가락거리 45,미영허김마을 376호,043-560-0192,cunjagim@example.net
이미경,65149,대구광역시 강남구 역삼가 240,미정이연립 119호,043-771-6806,cyang@example.net
박성호,17167,세종특별자치시 강동구 반포대981가 271-30,현지장이마을 050호,053-196-1476,jaeho86@example.org
최미정,71053,서울특별시 강서구 양재천4거리 138-7,영순박김타운,054-417-4477,seoyeon22@example.org
최영수,42402,인천광역시 관악구 강남대29거리 850,영철이차빌라 K동 641호,043-860-0921,yeongsig79@example.org
박정남,76021,부산광역시 서초구 압구정로 760,은지최빌라 나동 955호,041-777-5504,migyeong29@example.net
서성민,49146,충청남도 양구군 잠실거리 453,지원박연립 X동 467호,042-580-3383,yeongjinbag@example.org
김중수,00917,세종특별자치시 영등포구 삼성거리 176 (현우김김읍),성수최남타워 396호,043-148-3092,du@example.net
이민석,18475,인천광역시 도봉구 양재천0거리 504-37 (미영한읍),지훈김아파트 D동 910호,011-064-0115,gimminji@example.org
최은경,10636,대구광역시 금천구 역삼길 825 (병철전동),하윤김김빌라 U동 553호,033-487-0035,gimeungyeong@example.com
주하윤,71909,울산광역시 구로구 학동8길 622-25 (현준황이동),준호류빌라 바동 900호,070-2649-0645,eunjeonggim@example.com
김은지,21772,경상북도 군포시 선릉784로 774-61,순자김양연립 590호,061-226-5548,handohyeon@example.com
문정호,25855,울산광역시 송파구 삼성32거리 557,예준박김타워 793호,064-793-9580,hyeonjun53@example.org
이지우,63866,서울특별시 관악구 선릉거리 296-4 (지아서면),건우김이마을 547호,010-3240-7148,hyeonu91@example.net
오성진,19045,세종특별자치시 동작구 봉은사101가 139 (영미김한마을),예원이허빌라 282호,044-472-1160,vseong@example.com
한정숙,68470,인천광역시 서구 역삼거리 789 (지우김읍),서준이박연립 다동 667호,02-9507-4443,gimeunji@example.com
하영길,23768,광주광역시 도봉구 석촌호수176가 지하359,옥순윤타운 961호,011-406-9206,simjunseo@example.com
김준혁,31895,광주광역시 금천구 강남대547가 569-7,옥자강마을,011-839-0870,hanjunho@example.net
강선영,65681,전라남도 삼척시 반포대596길 616-16 (건우박이동),상호김이연립 R동 191호,043-308-9310,jeonghunbag@example.com
손민수,28212,제주특별자치도 괴산군 영동대로 492-48,상철박아파트 338호,016-949-1027,yeongceoli@example.org
이성현,62046,세종특별자치시 관악구 석촌호수거리 46,은주이연립,061-396-8395,gangjunseo@example.com
한중수,55121,충청남도 강릉시 잠실길 934-5 (현주성면),명자김박아파트 874호,031-291-8425,gimmyeongja@example.net
정준호,59684,부산광역시 강남구 언주길 114-36 (영진박면),영일박한빌라 840호,062-955-2722,xan@example.net
이광수,43343,대전광역시 용산구 양재천892가 129,진우김마을 999호,041-873-8393,areumjang@example.net
이영호,19535,세종특별자치시 구로구 도산대길 330,영길장박빌라 X동 114호,061-390-4011,yeweoni@example.org
김서준,51422,부산광역시 동대문구 테헤란58거리 62 (시우김마을),성훈김타워 Z동 420호,063-955-5336,doyun17@example.org
박동현,16965,대구광역시 중구 영동대길 959,준서이박연립,011-403-9980,ujo@example.org
